timestep,stand_key,disturbance_type,pct_volume_removed,year,age,area
7,BH1427-1-1,Clearcut,97.0,2032,24,209.62
8,BH1427-1-1,Site_Prep,0.0,2033,1,209.62
23,BH1427-1-1,1st_Thin,43.1,2048,14,209.62
30,BH1427-1-1,2nd_Thin,49.08,2055,21,209.62
38,BH1427-1-1,Clearcut,97.0,2063,29,209.62
39,BH1427-1-1,Site_Prep,0.0,2064,1,209.62
7,BH1427-1-3,Clearcut,97.0,2032,24,9.51
8,BH1427-1-3,Site_Prep,0.0,2033,1,9.51
23,BH1427-1-3,1st_Thin,43.1,2048,14,9.51
29,BH1427-1-3,2nd_Thin,46.38,2054,20,9.51
38,BH1427-1-3,Clearcut,97.0,2063,29,9.51
39,BH1427-1-3,Site_Prep,0.0,2064,1,9.51
4,BH1427-1-337,2nd_Thin,26.88,2029,21,82.28
12,BH1427-1-337,Clearcut,97.0,2037,29,82.28
13,BH1427-1-337,Site_Prep,0.0,2038,1,82.28
28,BH1427-1-337,1st_Thin,43.1,2053,14,82.28
35,BH1427-1-337,2nd_Thin,49.08,2060,21,82.28
43,BH1427-1-337,Clearcut,97.0,2068,29,82.28
44,BH1427-1-337,Site_Prep,0.0,2069,1,82.28
4,BH1429-1-10,1st_Thin,57.14,2029,14,37.87
14,BH1429-1-10,Clearcut,97.0,2039,24,37.87
15,BH1429-1-10,Site_Prep,0.0,2040,1,37.87
30,BH1429-1-10,1st_Thin,43.94,2055,14,37.87
37,BH1429-1-10,2nd_Thin,40.68,2062,21,37.87
45,BH1429-1-10,Clearcut,97.0,2070,29,37.87
46,BH1429-1-10,Site_Prep,0.0,2071,1,37.87
9,BH1429-1-11,1st_Thin,47.12,2034,14,172.42
16,BH1429-1-11,2nd_Thin,32.01,2041,21,172.42
24,BH1429-1-11,Clearcut,97.0,2049,29,172.42
25,BH1429-1-11,Site_Prep,0.0,2050,1,172.42
40,BH1429-1-11,1st_Thin,45.22,2065,14,172.42
50,BH1429-1-11,Clearcut,97.0,2075,24,172.42
1,BH1429-1-16,Site_Prep,0.0,2026,1,4.01
16,BH1429-1-16,1st_Thin,0.0,2041,14,4.01
31,BH1429-1-16,Clearcut,97.0,2056,29,4.01
32,BH1429-1-16,Site_Prep,0.0,2057,1,4.01
47,BH1429-1-16,1st_Thin,34.52,2072,14,4.01
5,BH1429-1-338,17.26% clearcut,17.26,2030,27,25.45
6,BH1429-1-338,Site_Prep,0.0,2031,1,25.45
7,BH1429-1-338,Clearcut,97.0,2032,29,121.97
8,BH1429-1-338,Site_Prep,0.0,2033,1,121.97
21,BH1429-1-338,1st_Thin,43.17,2046,14,25.45
23,BH1429-1-338,1st_Thin,43.17,2048,14,121.97
28,BH1429-1-338,2nd_Thin,43.98,2053,21,25.45
30,BH1429-1-338,2nd_Thin,43.98,2055,21,121.97
36,BH1429-1-338,17.26% clearcut,17.26,2061,29,25.45
37,BH1429-1-338,Site_Prep,0.0,2062,1,25.45
38,BH1429-1-338,Clearcut,97.0,2063,29,121.97
39,BH1429-1-338,Site_Prep,0.0,2064,1,121.97
1,BH1429-1-365,Site_Prep,0.0,2026,1,18.65
16,BH1429-1-365,1st_Thin,0.0,2041,14,18.65
31,BH1429-1-365,Clearcut,97.0,2056,29,18.65
32,BH1429-1-365,Site_Prep,0.0,2057,1,18.65
47,BH1429-1-365,1st_Thin,37.62,2072,14,18.65
1,BH1429-1-41,Site_Prep,0.0,2026,1,11.92
16,BH1429-1-41,1st_Thin,0.0,2041,14,11.92
31,BH1429-1-41,Clearcut,97.0,2056,29,11.92
32,BH1429-1-41,Site_Prep,0.0,2057,1,11.92
47,BH1429-1-41,1st_Thin,37.62,2072,14,11.92
10,BH1429-1-42,1st_Thin,45.45,2035,14,70.08
17,BH1429-1-42,2nd_Thin,43.68,2042,21,70.08
24,BH1429-1-42,Clearcut,97.0,2049,28,70.08
25,BH1429-1-42,Site_Prep,0.0,2050,1,70.08
40,BH1429-1-42,1st_Thin,45.22,2065,14,70.08
50,BH1429-1-42,Clearcut,97.0,2075,24,70.08
3,BH1429-1-45,Clearcut,97.0,2028,25,175.55
4,BH1429-1-45,Site_Prep,0.0,2029,1,175.55
19,BH1429-1-45,1st_Thin,43.17,2044,14,175.55
26,BH1429-1-45,2nd_Thin,43.98,2051,21,175.55
34,BH1429-1-45,Clearcut,97.0,2059,29,175.55
35,BH1429-1-45,Site_Prep,0.0,2060,1,175.55
50,BH1429-1-45,1st_Thin,43.17,2075,14,175.55
4,BH1431-1-25,2nd_Thin,49.25,2029,21,63.77
12,BH1431-1-25,Clearcut,97.0,2037,29,63.77
13,BH1431-1-25,Site_Prep,0.0,2038,1,63.77
28,BH1431-1-25,1st_Thin,43.17,2053,14,63.77
35,BH1431-1-25,2nd_Thin,43.98,2060,21,63.77
43,BH1431-1-25,Clearcut,97.0,2068,29,63.77
44,BH1431-1-25,Site_Prep,0.0,2069,1,63.77
4,BH1431-1-26,1st_Thin,48.29,2029,14,17.53
11,BH1431-1-26,2nd_Thin,27.16,2036,21,17.53
19,BH1431-1-26,Clearcut,97.0,2044,29,17.53
20,BH1431-1-26,Site_Prep,0.0,2045,1,17.53
35,BH1431-1-26,1st_Thin,43.94,2060,14,17.53
42,BH1431-1-26,2nd_Thin,40.68,2067,21,17.53
49,BH1431-1-26,Clearcut,97.0,2074,28,17.53
50,BH1431-1-26,Site_Prep,0.0,2075,1,17.53
12,BH1431-1-27,Clearcut,97.0,2037,29,47.01
13,BH1431-1-27,Site_Prep,0.0,2038,1,47.01
28,BH1431-1-27,1st_Thin,43.1,2053,14,47.01
35,BH1431-1-27,2nd_Thin,49.08,2060,21,47.01
43,BH1431-1-27,Clearcut,97.0,2068,29,47.01
44,BH1431-1-27,Site_Prep,0.0,2069,1,47.01
4,BH1431-1-28,1st_Thin,49.62,2029,14,24.51
18,BH1431-1-28,Clearcut,97.0,2043,28,24.51
19,BH1431-1-28,Site_Prep,0.0,2044,1,24.51
34,BH1431-1-28,1st_Thin,43.94,2059,14,24.51
41,BH1431-1-28,2nd_Thin,40.68,2066,21,24.51
49,BH1431-1-28,Clearcut,97.0,2074,29,24.51
50,BH1431-1-28,Site_Prep,0.0,2075,1,24.51
3,BH1431-1-342,2nd_Thin,23.48,2028,20,61.56
12,BH1431-1-342,Clearcut,97.0,2037,29,61.56
13,BH1431-1-342,Site_Prep,0.0,2038,1,61.56
28,BH1431-1-342,1st_Thin,43.1,2053,14,61.56
35,BH1431-1-342,2nd_Thin,49.08,2060,21,61.56
43,BH1431-1-342,Clearcut,97.0,2068,29,61.56
44,BH1431-1-342,Site_Prep,0.0,2069,1,61.56
15,BH1435-1-19,Clearcut,97.0,2040,40,3.08
1,BH1435-1-20,Clearcut,97.0,2026,24,2.37
2,BH1435-1-20,Site_Prep,0.0,2027,1,2.37
17,BH1435-1-20,1st_Thin,43.1,2042,14,2.37
23,BH1435-1-20,2nd_Thin,46.38,2048,20,2.37
29,BH1435-1-20,Clearcut,97.0,2054,26,2.37
30,BH1435-1-20,Site_Prep,0.0,2055,1,2.37
45,BH1435-1-20,1st_Thin,43.1,2070,14,2.37
50,BH1435-1-20,2nd_Thin,41.04,2075,19,2.37
1,BH1435-1-21,Clearcut,97.0,2026,26,31.89
2,BH1435-1-21,Site_Prep,0.0,2027,1,31.89
17,BH1435-1-21,1st_Thin,43.94,2042,14,31.89
24,BH1435-1-21,2nd_Thin,40.68,2049,21,31.89
32,BH1435-1-21,Clearcut,97.0,2057,29,31.89
33,BH1435-1-21,Site_Prep,0.0,2058,1,31.89
48,BH1435-1-21,1st_Thin,43.94,2073,14,31.89
3,BH1435-1-23,Clearcut,97.0,2028,25,178.91
4,BH1435-1-23,Site_Prep,0.0,2029,1,178.91
19,BH1435-1-23,1st_Thin,43.0,2044,14,178.91
25,BH1435-1-23,2nd_Thin,50.62,2050,20,178.91
34,BH1435-1-23,Clearcut,97.0,2059,29,178.91
35,BH1435-1-23,Site_Prep,0.0,2060,1,178.91
50,BH1435-1-23,1st_Thin,43.0,2075,14,178.91
4,BH1435-1-24,1st_Thin,45.88,2029,14,86.12
11,BH1435-1-24,2nd_Thin,30.7,2036,21,86.12
19,BH1435-1-24,Clearcut,97.0,2044,29,86.12
20,BH1435-1-24,Site_Prep,0.0,2045,1,86.12
35,BH1435-1-24,1st_Thin,43.94,2060,14,86.12
42,BH1435-1-24,2nd_Thin,40.68,2067,21,86.12
49,BH1435-1-24,Clearcut,97.0,2074,28,86.12
50,BH1435-1-24,Site_Prep,0.0,2075,1,86.12
1,BH1435-1-30,Clearcut,97.0,2026,24,50.29
2,BH1435-1-30,Site_Prep,0.0,2027,1,50.29
17,BH1435-1-30,1st_Thin,43.1,2042,14,50.29
23,BH1435-1-30,2nd_Thin,46.38,2048,20,50.29
29,BH1435-1-30,Clearcut,97.0,2054,26,50.29
30,BH1435-1-30,Site_Prep,0.0,2055,1,50.29
45,BH1435-1-30,1st_Thin,43.1,2070,14,50.29
50,BH1435-1-30,2nd_Thin,41.04,2075,19,50.29
1,BH1435-1-31,Clearcut,97.0,2026,26,3.56
2,BH1435-1-31,Site_Prep,0.0,2027,1,3.56
17,BH1435-1-31,1st_Thin,43.17,2042,14,3.56
24,BH1435-1-31,2nd_Thin,43.98,2049,21,3.56
32,BH1435-1-31,Clearcut,97.0,2057,29,3.56
33,BH1435-1-31,Site_Prep,0.0,2058,1,3.56
48,BH1435-1-31,1st_Thin,43.17,2073,14,3.56
3,BH1435-1-339,Clearcut,97.0,2028,25,41.62
4,BH1435-1-339,Site_Prep,0.0,2029,1,41.62
19,BH1435-1-339,1st_Thin,43.0,2044,14,41.62
25,BH1435-1-339,2nd_Thin,50.62,2050,20,41.62
34,BH1435-1-339,Clearcut,97.0,2059,29,41.62
35,BH1435-1-339,Site_Prep,0.0,2060,1,41.62
50,BH1435-1-339,1st_Thin,43.0,2075,14,41.62
1,BH1435-1-343,Clearcut,97.0,2026,24,8.21
2,BH1435-1-343,Site_Prep,0.0,2027,1,8.21
17,BH1435-1-343,1st_Thin,43.17,2042,14,8.21
24,BH1435-1-343,2nd_Thin,43.98,2049,21,8.21
32,BH1435-1-343,Clearcut,97.0,2057,29,8.21
33,BH1435-1-343,Site_Prep,0.0,2058,1,8.21
48,BH1435-1-343,1st_Thin,43.17,2073,14,8.21
14,BH1435-1-384,1st_Thin,50.92,2039,14,157.06
19,BH1435-1-384,2nd_Thin,38.74,2044,19,129.7964
20,BH1435-1-384,2nd_Thin,43.47,2045,20,27.2636
24,BH1435-1-384,82.64% clearcut,82.64,2049,24,129.7964
25,BH1435-1-384,Site_Prep,0.0,2050,1,129.7964
29,BH1435-1-384,Clearcut,97.0,2054,29,27.2636
30,BH1435-1-384,Site_Prep,0.0,2055,1,27.2636
40,BH1435-1-384,1st_Thin,43.17,2065,14,129.7964
45,BH1435-1-384,1st_Thin,43.17,2070,14,27.2636
45,BH1435-1-384,2nd_Thin,40.8,2070,19,129.7964
50,BH1435-1-384,2nd_Thin,36.75,2075,19,27.2636
50,BH1435-1-384,Clearcut,97.0,2075,24,129.7964
13,BH1435-1-390,1st_Thin,51.77,2038,14,59.25
20,BH1435-1-390,2nd_Thin,41.89,2045,21,59.25
28,BH1435-1-390,Clearcut,97.0,2053,29,59.25
29,BH1435-1-390,Site_Prep,0.0,2054,1,59.25
44,BH1435-1-390,1st_Thin,43.94,2069,14,59.25
50,BH1435-1-390,2nd_Thin,33.14,2075,20,59.25
1,BH1435-1-46,Clearcut,97.0,2026,24,7.95
2,BH1435-1-46,Site_Prep,0.0,2027,1,7.95
17,BH1435-1-46,1st_Thin,43.17,2042,14,7.95
24,BH1435-1-46,2nd_Thin,43.98,2049,21,7.95
32,BH1435-1-46,Clearcut,97.0,2057,29,7.95
33,BH1435-1-46,Site_Prep,0.0,2058,1,7.95
48,BH1435-1-46,1st_Thin,43.17,2073,14,7.95
7,BH2046-1-364,Clearcut,97.0,2032,25,26.9
8,BH2046-1-364,Site_Prep,0.0,2033,1,26.9
23,BH2046-1-364,1st_Thin,45.22,2048,14,26.9
30,BH2046-1-364,2nd_Thin,36.11,2055,21,26.9
38,BH2046-1-364,Clearcut,97.0,2063,29,26.9
39,BH2046-1-364,Site_Prep,0.0,2064,1,26.9
14,BH2046-1-385,1st_Thin,52.37,2039,14,74.47
24,BH2046-1-385,Clearcut,97.0,2049,24,74.47
25,BH2046-1-385,Site_Prep,0.0,2050,1,74.47
40,BH2046-1-385,1st_Thin,45.22,2065,14,74.47
50,BH2046-1-385,Clearcut,97.0,2075,24,74.47
1,BH2046-1-398,Site_Prep,0.0,2026,1,24.3
16,BH2046-1-398,1st_Thin,0.0,2041,14,24.3
31,BH2046-1-398,Clearcut,97.0,2056,29,24.3
32,BH2046-1-398,Site_Prep,0.0,2057,1,24.3
47,BH2046-1-398,1st_Thin,36.47,2072,14,24.3
11,BH2046-1-52,20.58% clearcut,20.58,2036,37,6.9124
12,BH2046-1-52,45.38% clearcut,45.38,2037,38,15.2372
13,BH2046-1-52,2.12% clearcut,2.12,2038,39,0.7106
14,BH2046-1-52,Clearcut,97.0,2039,40,10.7198
46,BH2046-1-52,20.58% clearcut,20.58,2071,35,6.9124
47,BH2046-1-52,1.52% clearcut,1.52,2072,35,0.5102
48,BH2046-1-52,0.61% clearcut,0.61,2073,35,0.2038
49,BH2046-1-52,43.86% clearcut,43.86,2074,37,14.727
49,BH2046-1-52,1.51% clearcut,1.51,2074,36,0.5068
49,BH2046-1-52,Clearcut,97.0,2074,35,10.7198
1,BH2046-1-53,Clearcut,97.0,2026,31,13.07
2,BH2046-1-53,Site_Prep,0.0,2027,1,13.07
17,BH2046-1-53,1st_Thin,45.22,2042,14,13.07
24,BH2046-1-53,2nd_Thin,36.11,2049,21,13.07
32,BH2046-1-53,Clearcut,97.0,2057,29,13.07
33,BH2046-1-53,Site_Prep,0.0,2058,1,13.07
48,BH2046-1-53,1st_Thin,45.22,2073,14,13.07
9,BH2046-1-55,1st_Thin,48.39,2034,14,170.51
16,BH2046-1-55,2nd_Thin,43.96,2041,21,170.51
24,BH2046-1-55,Clearcut,97.0,2049,29,170.51
25,BH2046-1-55,Site_Prep,0.0,2050,1,170.51
41,BH2046-1-55,1st_Thin,42.96,2066,15,170.51
20,BH2046-1-56,Clearcut,97.0,2045,28,33.88
21,BH2046-1-56,Site_Prep,0.0,2046,1,33.88
36,BH2046-1-56,1st_Thin,45.22,2061,14,33.88
43,BH2046-1-56,2nd_Thin,36.11,2068,21,33.88
49,BH2046-1-56,Clearcut,97.0,2074,27,33.88
50,BH2046-1-56,Site_Prep,0.0,2075,1,33.88
1,BH2046-1-57,Clearcut,97.0,2026,32,16.89
2,BH2046-1-57,Site_Prep,0.0,2027,1,16.89
17,BH2046-1-57,1st_Thin,43.41,2042,14,16.89
32,BH2046-1-57,Clearcut,97.0,2057,29,16.89
33,BH2046-1-57,Site_Prep,0.0,2058,1,16.89
48,BH2046-1-57,1st_Thin,43.41,2073,14,16.89
5,BH2046-1-58,Clearcut,97.0,2030,35,4.18
20,BH2046-1-61,Clearcut,97.0,2045,28,6.0
21,BH2046-1-61,Site_Prep,0.0,2046,1,6.0
36,BH2046-1-61,1st_Thin,45.22,2061,14,6.0
43,BH2046-1-61,2nd_Thin,36.11,2068,21,6.0
49,BH2046-1-61,Clearcut,97.0,2074,27,6.0
50,BH2046-1-61,Site_Prep,0.0,2075,1,6.0
10,BH2046-1-64,1st_Thin,52.63,2035,14,88.81
23,BH2046-1-64,Clearcut,97.0,2048,27,88.81
24,BH2046-1-64,Site_Prep,0.0,2049,1,88.81
39,BH2046-1-64,1st_Thin,43.41,2064,14,88.81
49,BH2046-1-64,Clearcut,97.0,2074,24,88.81
50,BH2046-1-64,Site_Prep,0.0,2075,1,88.81
1,BH2046-1-67,Clearcut,97.0,2026,26,2.28
1,BH2047-1-395,Site_Prep,0.0,2026,1,64.49
16,BH2047-1-395,1st_Thin,0.0,2041,14,64.49
31,BH2047-1-395,Clearcut,97.0,2056,29,64.49
32,BH2047-1-395,Site_Prep,0.0,2057,1,64.49
47,BH2047-1-395,1st_Thin,37.33,2072,14,64.49
1,BH2047-1-72,Clearcut,97.0,2026,46,1.39
2,BH2047-1-72,Site_Prep,0.0,2027,1,1.39
18,BH2047-1-72,1st_Thin,42.96,2043,15,1.39
32,BH2047-1-72,Clearcut,97.0,2057,29,1.39
33,BH2047-1-72,Site_Prep,0.0,2058,1,1.39
49,BH2047-1-72,1st_Thin,42.96,2074,15,1.39
8,BH2047-1-74,Clearcut,97.0,2033,24,54.15
9,BH2047-1-74,Site_Prep,0.0,2034,1,54.15
24,BH2047-1-74,1st_Thin,43.17,2049,14,54.15
31,BH2047-1-74,2nd_Thin,43.98,2056,21,54.15
39,BH2047-1-74,Clearcut,97.0,2064,29,54.15
40,BH2047-1-74,Site_Prep,0.0,2065,1,54.15
1,BH2047-1-76,Clearcut,97.0,2026,25,16.98
2,BH2047-1-76,Site_Prep,0.0,2027,1,16.98
17,BH2047-1-76,1st_Thin,43.94,2042,14,16.98
24,BH2047-1-76,2nd_Thin,40.68,2049,21,16.98
32,BH2047-1-76,Clearcut,97.0,2057,29,16.98
33,BH2047-1-76,Site_Prep,0.0,2058,1,16.98
48,BH2047-1-76,1st_Thin,43.94,2073,14,16.98
5,BH2047-1-81,Clearcut,97.0,2030,27,6.43
6,BH2047-1-81,Site_Prep,0.0,2031,1,6.43
21,BH2047-1-81,1st_Thin,43.17,2046,14,6.43
28,BH2047-1-81,2nd_Thin,43.98,2053,21,6.43
36,BH2047-1-81,Clearcut,97.0,2061,29,6.43
37,BH2047-1-81,Site_Prep,0.0,2062,1,6.43
14,BH2061-1-356,1st_Thin,51.36,2039,14,72.86
19,BH2061-1-356,2nd_Thin,44.53,2044,19,72.86
24,BH2061-1-356,Clearcut,97.0,2049,24,72.86
25,BH2061-1-356,Site_Prep,0.0,2050,1,72.86
40,BH2061-1-356,1st_Thin,43.1,2065,14,72.86
45,BH2061-1-356,2nd_Thin,44.63,2070,19,72.86
50,BH2061-1-356,Clearcut,97.0,2075,24,72.86
14,BH2061-1-357,1st_Thin,52.45,2039,14,56.45
21,BH2061-1-357,2nd_Thin,44.89,2046,21,56.45
29,BH2061-1-357,Clearcut,97.0,2054,29,56.45
30,BH2061-1-357,Site_Prep,0.0,2055,1,56.45
45,BH2061-1-357,1st_Thin,43.1,2070,14,56.45
50,BH2061-1-357,2nd_Thin,41.04,2075,19,56.45
9,BH2061-1-83,1st_Thin,46.94,2034,14,101.07
16,BH2061-1-83,2nd_Thin,44.17,2041,21,101.07
24,BH2061-1-83,Clearcut,97.0,2049,29,101.07
25,BH2061-1-83,Site_Prep,0.0,2050,1,101.07
40,BH2061-1-83,1st_Thin,43.41,2065,14,101.07
50,BH2061-1-83,Clearcut,97.0,2075,24,101.07
8,BH3011-1-91,Clearcut,97.0,2033,24,103.49
9,BH3011-1-91,Site_Prep,0.0,2034,1,103.49
24,BH3011-1-91,1st_Thin,43.1,2049,14,103.49
31,BH3011-1-91,2nd_Thin,49.08,2056,21,103.49
39,BH3011-1-91,Clearcut,97.0,2064,29,103.49
40,BH3011-1-91,Site_Prep,0.0,2065,1,103.49
8,BH3011-1-92,Clearcut,97.0,2033,24,4.78
9,BH3011-1-92,Site_Prep,0.0,2034,1,4.78
24,BH3011-1-92,1st_Thin,43.1,2049,14,4.78
30,BH3011-1-92,2nd_Thin,46.38,2055,20,4.78
39,BH3011-1-92,Clearcut,97.0,2064,29,4.78
40,BH3011-1-92,Site_Prep,0.0,2065,1,4.78
1,BH4023-1-95,1st_Thin,27.98,2026,16,201.8
14,BH4023-1-95,Clearcut,97.0,2039,29,201.8
15,BH4023-1-95,Site_Prep,0.0,2040,1,201.8
30,BH4023-1-95,1st_Thin,45.22,2055,14,201.8
45,BH4023-1-95,Clearcut,97.0,2070,29,201.8
46,BH4023-1-95,Site_Prep,0.0,2071,1,201.8
3,BH4059-1-108,Clearcut,97.0,2028,25,7.77
4,BH4059-1-108,Site_Prep,0.0,2029,1,7.77
19,BH4059-1-108,1st_Thin,42.65,2044,14,7.77
34,BH4059-1-108,Clearcut,97.0,2059,29,7.77
35,BH4059-1-108,Site_Prep,0.0,2060,1,7.77
50,BH4059-1-108,1st_Thin,42.65,2075,14,7.77
3,BH4059-1-109,Clearcut,97.0,2028,25,17.84
4,BH4059-1-109,Site_Prep,0.0,2029,1,17.84
19,BH4059-1-109,1st_Thin,42.65,2044,14,17.84
34,BH4059-1-109,Clearcut,97.0,2059,29,17.84
35,BH4059-1-109,Site_Prep,0.0,2060,1,17.84
50,BH4059-1-109,1st_Thin,42.65,2075,14,17.84
9,BH5120-1-111,1st_Thin,44.42,2034,14,87.28
15,BH5120-1-111,2nd_Thin,37.39,2040,20,87.28
24,BH5120-1-111,Clearcut,97.0,2049,29,87.28
25,BH5120-1-111,Site_Prep,0.0,2050,1,87.28
40,BH5120-1-111,1st_Thin,43.94,2065,14,87.28
50,BH5120-1-111,Clearcut,97.0,2075,24,87.28
4,BH5132-1-116,1st_Thin,40.27,2029,14,12.98
19,BH5132-1-116,Clearcut,97.0,2044,29,12.98
20,BH5132-1-116,Site_Prep,0.0,2045,1,12.98
35,BH5132-1-116,1st_Thin,43.94,2060,14,12.98
42,BH5132-1-116,2nd_Thin,35.06,2067,21,12.98
49,BH5132-1-116,Clearcut,97.0,2074,28,12.98
50,BH5132-1-116,Site_Prep,0.0,2075,1,12.98
3,BH5132-1-117,Clearcut,97.0,2028,35,7.73
4,BH5132-1-117,Site_Prep,0.0,2029,1,7.73
19,BH5132-1-117,1st_Thin,45.22,2044,14,7.73
26,BH5132-1-117,2nd_Thin,28.81,2051,21,7.73
34,BH5132-1-117,Clearcut,97.0,2059,29,7.73
35,BH5132-1-117,Site_Prep,0.0,2060,1,7.73
50,BH5132-1-117,1st_Thin,45.22,2075,14,7.73
4,BH5132-1-121,1st_Thin,40.66,2029,14,22.74
19,BH5132-1-121,Clearcut,97.0,2044,29,22.74
20,BH5132-1-121,Site_Prep,0.0,2045,1,22.74
35,BH5132-1-121,1st_Thin,43.94,2060,14,22.74
42,BH5132-1-121,2nd_Thin,35.06,2067,21,22.74
49,BH5132-1-121,Clearcut,97.0,2074,28,22.74
50,BH5132-1-121,Site_Prep,0.0,2075,1,22.74
3,BH5132-1-122,Clearcut,97.0,2028,30,1.34
4,BH5132-1-122,Site_Prep,0.0,2029,1,1.34
19,BH5132-1-122,1st_Thin,43.94,2044,14,1.34
25,BH5132-1-122,2nd_Thin,33.14,2050,20,1.34
34,BH5132-1-122,Clearcut,97.0,2059,29,1.34
35,BH5132-1-122,Site_Prep,0.0,2060,1,1.34
50,BH5132-1-122,1st_Thin,43.94,2075,14,1.34
4,BH5132-1-123,1st_Thin,48.65,2029,14,125.43
14,BH5132-1-123,51.3% clearcut,51.3,2039,24,64.35
15,BH5132-1-123,Site_Prep,0.0,2040,1,64.35
15,BH5132-1-123,Clearcut,97.0,2040,25,61.08
16,BH5132-1-123,Site_Prep,0.0,2041,1,61.08
30,BH5132-1-123,1st_Thin,43.94,2055,14,64.35
31,BH5132-1-123,1st_Thin,43.94,2056,14,61.08
37,BH5132-1-123,2nd_Thin,35.06,2062,21,64.35
38,BH5132-1-123,2nd_Thin,35.06,2063,21,61.08
45,BH5132-1-123,51.3% clearcut,51.3,2070,29,64.35
46,BH5132-1-123,Site_Prep,0.0,2071,1,64.35
46,BH5132-1-123,Clearcut,97.0,2071,29,61.08
47,BH5132-1-123,Site_Prep,0.0,2072,1,61.08
4,BH5132-1-124,1st_Thin,45.31,2029,14,1.29
11,BH5132-1-124,2nd_Thin,26.38,2036,21,1.29
19,BH5132-1-124,Clearcut,97.0,2044,29,1.29
20,BH5132-1-124,Site_Prep,0.0,2045,1,1.29
35,BH5132-1-124,1st_Thin,45.22,2060,14,1.29
42,BH5132-1-124,2nd_Thin,28.81,2067,21,1.29
49,BH5132-1-124,Clearcut,97.0,2074,28,1.29
50,BH5132-1-124,Site_Prep,0.0,2075,1,1.29
4,BH5132-1-125,1st_Thin,42.78,2029,14,2.18
11,BH5132-1-125,2nd_Thin,26.8,2036,21,2.18
17,BH5132-1-125,Clearcut,97.0,2042,27,2.18
18,BH5132-1-125,Site_Prep,0.0,2043,1,2.18
33,BH5132-1-125,1st_Thin,43.17,2058,14,2.18
39,BH5132-1-125,2nd_Thin,38.33,2064,20,2.18
48,BH5132-1-125,Clearcut,97.0,2073,29,2.18
49,BH5132-1-125,Site_Prep,0.0,2074,1,2.18
9,BH5132-1-126,12.03% clearcut,12.03,2034,27,0.5894
10,BH5132-1-126,8.93% clearcut,8.93,2035,28,0.4374
12,BH5132-1-126,Clearcut,97.0,2037,30,3.8732
34,BH5132-1-126,12.03% clearcut,12.03,2059,25,0.5894
34,BH5132-1-126,8.93% clearcut,8.93,2059,24,0.4374
36,BH5132-1-126,Clearcut,97.0,2061,24,3.8732
7,BH5132-1-128,Clearcut,97.0,2032,24,14.13
8,BH5132-1-128,Site_Prep,0.0,2033,1,14.13
23,BH5132-1-128,1st_Thin,43.1,2048,14,14.13
30,BH5132-1-128,2nd_Thin,45.66,2055,21,14.13
38,BH5132-1-128,Clearcut,97.0,2063,29,14.13
39,BH5132-1-128,Site_Prep,0.0,2064,1,14.13
7,BH5132-1-129,Clearcut,97.0,2032,24,23.36
8,BH5132-1-129,Site_Prep,0.0,2033,1,23.36
23,BH5132-1-129,1st_Thin,43.1,2048,14,23.36
30,BH5132-1-129,2nd_Thin,45.66,2055,21,23.36
38,BH5132-1-129,Clearcut,97.0,2063,29,23.36
39,BH5132-1-129,Site_Prep,0.0,2064,1,23.36
12,BH5132-1-340,1st_Thin,51.73,2037,14,17.35
18,BH5132-1-340,2nd_Thin,34.04,2043,20,17.35
24,BH5132-1-340,Clearcut,97.0,2049,26,17.35
25,BH5132-1-340,Site_Prep,0.0,2050,1,17.35
40,BH5132-1-340,1st_Thin,43.94,2065,14,17.35
50,BH5132-1-340,Clearcut,97.0,2075,24,17.35
7,BH5132-1-381,Clearcut,97.0,2032,24,92.02
8,BH5132-1-381,Site_Prep,0.0,2033,1,92.02
23,BH5132-1-381,1st_Thin,43.1,2048,14,92.02
30,BH5132-1-381,2nd_Thin,45.66,2055,21,92.02
38,BH5132-1-381,Clearcut,97.0,2063,29,92.02
39,BH5132-1-381,Site_Prep,0.0,2064,1,92.02
3,BH5135-1-130,1st_Thin,43.88,2028,14,68.4
15,BH5135-1-130,Clearcut,97.0,2040,26,68.4
16,BH5135-1-130,Site_Prep,0.0,2041,1,68.4
31,BH5135-1-130,1st_Thin,43.94,2056,14,68.4
37,BH5135-1-130,2nd_Thin,33.14,2062,20,68.4
46,BH5135-1-130,Clearcut,97.0,2071,29,68.4
47,BH5135-1-130,Site_Prep,0.0,2072,1,68.4
4,BH5135-1-131,1st_Thin,48.95,2029,14,5.8
18,BH5135-1-131,Clearcut,97.0,2043,28,5.8
19,BH5135-1-131,Site_Prep,0.0,2044,1,5.8
34,BH5135-1-131,1st_Thin,43.94,2059,14,5.8
41,BH5135-1-131,2nd_Thin,35.06,2066,21,5.8
49,BH5135-1-131,Clearcut,97.0,2074,29,5.8
50,BH5135-1-131,Site_Prep,0.0,2075,1,5.8
3,BH5135-1-133,1st_Thin,43.95,2028,14,21.97
13,BH5135-1-133,Clearcut,97.0,2038,24,21.97
14,BH5135-1-133,Site_Prep,0.0,2039,1,21.97
29,BH5135-1-133,1st_Thin,43.94,2054,14,21.97
35,BH5135-1-133,2nd_Thin,33.14,2060,20,21.97
44,BH5135-1-133,Clearcut,97.0,2069,29,21.97
45,BH5135-1-133,Site_Prep,0.0,2070,1,21.97
4,BH5135-1-135,1st_Thin,50.6,2029,14,17.57
14,BH5135-1-135,Clearcut,97.0,2039,24,17.57
15,BH5135-1-135,Site_Prep,0.0,2040,1,17.57
30,BH5135-1-135,1st_Thin,43.94,2055,14,17.57
36,BH5135-1-135,2nd_Thin,33.14,2061,20,17.57
45,BH5135-1-135,Clearcut,97.0,2070,29,17.57
46,BH5135-1-135,Site_Prep,0.0,2071,1,17.57
3,BH5135-1-137,1st_Thin,33.92,2028,14,5.54
9,BH5135-1-137,2nd_Thin,30.25,2034,20,5.54
18,BH5135-1-137,Clearcut,97.0,2043,29,5.54
19,BH5135-1-137,Site_Prep,0.0,2044,1,5.54
34,BH5135-1-137,1st_Thin,43.94,2059,14,5.54
40,BH5135-1-137,2nd_Thin,33.14,2065,20,5.54
49,BH5135-1-137,Clearcut,97.0,2074,29,5.54
50,BH5135-1-137,Site_Prep,0.0,2075,1,5.54
1,BH5136-1-138,1st_Thin,0.0,2026,18,10.12
7,BH5136-1-138,Clearcut,97.0,2032,24,10.12
8,BH5136-1-138,Site_Prep,0.0,2033,1,10.12
23,BH5136-1-138,1st_Thin,43.17,2048,14,10.12
30,BH5136-1-138,2nd_Thin,40.2,2055,21,10.12
38,BH5136-1-138,Clearcut,97.0,2063,29,10.12
39,BH5136-1-138,Site_Prep,0.0,2064,1,10.12
1,BH5136-1-139,1st_Thin,0.0,2026,14,8.33
8,BH5136-1-139,2nd_Thin,0.0,2033,21,8.33
15,BH5136-1-139,Clearcut,97.0,2040,28,8.33
16,BH5136-1-139,Site_Prep,0.0,2041,1,8.33
31,BH5136-1-139,1st_Thin,43.1,2056,14,8.33
38,BH5136-1-139,2nd_Thin,45.66,2063,21,8.33
46,BH5136-1-139,Clearcut,97.0,2071,29,8.33
47,BH5136-1-139,Site_Prep,0.0,2072,1,8.33
12,BH5136-1-140,Clearcut,97.0,2037,29,165.11
13,BH5136-1-140,Site_Prep,0.0,2038,1,165.11
28,BH5136-1-140,1st_Thin,43.94,2053,14,165.11
35,BH5136-1-140,2nd_Thin,35.06,2060,21,165.11
43,BH5136-1-140,Clearcut,97.0,2068,29,165.11
44,BH5136-1-140,Site_Prep,0.0,2069,1,165.11
1,BH5136-1-396,1st_Thin,0.0,2026,14,33.85
8,BH5136-1-396,2nd_Thin,0.0,2033,21,33.85
15,BH5136-1-396,Clearcut,97.0,2040,28,33.85
16,BH5136-1-396,Site_Prep,0.0,2041,1,33.85
31,BH5136-1-396,1st_Thin,43.1,2056,14,33.85
38,BH5136-1-396,2nd_Thin,45.66,2063,21,33.85
46,BH5136-1-396,Clearcut,97.0,2071,29,33.85
47,BH5136-1-396,Site_Prep,0.0,2072,1,33.85
1,BH5140-1-143,1st_Thin,25.01,2026,17,140.19
11,BH5140-1-143,Clearcut,97.0,2036,27,140.19
12,BH5140-1-143,Site_Prep,0.0,2037,1,140.19
27,BH5140-1-143,1st_Thin,43.1,2052,14,140.19
34,BH5140-1-143,2nd_Thin,45.66,2059,21,140.19
42,BH5140-1-143,Clearcut,97.0,2067,29,140.19
43,BH5140-1-143,Site_Prep,0.0,2068,1,140.19
1,BH5140-1-145,1st_Thin,0.0,2026,17,3.31
8,BH5140-1-145,Clearcut,97.0,2033,24,3.31
9,BH5140-1-145,Site_Prep,0.0,2034,1,3.31
24,BH5140-1-145,1st_Thin,43.1,2049,14,3.31
31,BH5140-1-145,2nd_Thin,45.66,2056,21,3.31
39,BH5140-1-145,Clearcut,97.0,2064,29,3.31
40,BH5140-1-145,Site_Prep,0.0,2065,1,3.31
5,BH5140-1-146,1st_Thin,47.16,2030,14,61.0
20,BH5140-1-146,Clearcut,97.0,2045,29,61.0
21,BH5140-1-146,Site_Prep,0.0,2046,1,61.0
36,BH5140-1-146,1st_Thin,45.22,2061,14,61.0
49,BH5140-1-146,Clearcut,97.0,2074,27,61.0
50,BH5140-1-146,Site_Prep,0.0,2075,1,61.0
5,BH5140-1-147,1st_Thin,48.93,2030,14,72.11
18,BH5140-1-147,Clearcut,97.0,2043,27,72.11
19,BH5140-1-147,Site_Prep,0.0,2044,1,72.11
34,BH5140-1-147,1st_Thin,43.94,2059,14,72.11
40,BH5140-1-147,2nd_Thin,33.14,2065,20,72.11
49,BH5140-1-147,Clearcut,97.0,2074,29,72.11
50,BH5140-1-147,Site_Prep,0.0,2075,1,72.11
2,BH5140-1-148,1st_Thin,39.86,2027,15,43.21
8,BH5140-1-148,2nd_Thin,33.54,2033,21,43.21
15,BH5140-1-148,Clearcut,97.0,2040,28,43.21
16,BH5140-1-148,Site_Prep,0.0,2041,1,43.21
31,BH5140-1-148,1st_Thin,43.1,2056,14,43.21
38,BH5140-1-148,2nd_Thin,45.66,2063,21,43.21
46,BH5140-1-148,Clearcut,97.0,2071,29,43.21
47,BH5140-1-148,Site_Prep,0.0,2072,1,43.21
7,BH5145-1-151,2nd_Thin,26.49,2032,21,20.37
15,BH5145-1-151,Clearcut,97.0,2040,29,20.37
16,BH5145-1-151,Site_Prep,0.0,2041,1,20.37
31,BH5145-1-151,1st_Thin,43.1,2056,14,20.37
38,BH5145-1-151,2nd_Thin,45.66,2063,21,20.37
46,BH5145-1-151,Clearcut,97.0,2071,29,20.37
47,BH5145-1-151,Site_Prep,0.0,2072,1,20.37
7,BH5145-1-153,2nd_Thin,26.49,2032,21,8.03
15,BH5145-1-153,Clearcut,97.0,2040,29,8.03
16,BH5145-1-153,Site_Prep,0.0,2041,1,8.03
31,BH5145-1-153,1st_Thin,43.1,2056,14,8.03
38,BH5145-1-153,2nd_Thin,45.66,2063,21,8.03
46,BH5145-1-153,Clearcut,97.0,2071,29,8.03
47,BH5145-1-153,Site_Prep,0.0,2072,1,8.03
12,BH5145-1-341,1st_Thin,53.39,2037,14,29.25
18,BH5145-1-341,2nd_Thin,34.58,2043,20,29.25
24,BH5145-1-341,Clearcut,97.0,2049,26,29.25
25,BH5145-1-341,Site_Prep,0.0,2050,1,29.25
40,BH5145-1-341,1st_Thin,43.17,2065,14,29.25
45,BH5145-1-341,2nd_Thin,36.75,2070,19,29.25
50,BH5145-1-341,Clearcut,97.0,2075,24,29.25
11,BH5145-1-379,Clearcut,97.0,2036,25,75.1
12,BH5145-1-379,Site_Prep,0.0,2037,1,75.1
27,BH5145-1-379,1st_Thin,43.94,2052,14,75.1
34,BH5145-1-379,2nd_Thin,35.06,2059,21,75.1
42,BH5145-1-379,Clearcut,97.0,2067,29,75.1
43,BH5145-1-379,Site_Prep,0.0,2068,1,75.1
10,BH5145-1-380,Clearcut,97.0,2035,24,79.4
11,BH5145-1-380,Site_Prep,0.0,2036,1,79.4
26,BH5145-1-380,1st_Thin,43.1,2051,14,79.4
33,BH5145-1-380,2nd_Thin,45.66,2058,21,79.4
41,BH5145-1-380,Clearcut,97.0,2066,29,79.4
42,BH5145-1-380,Site_Prep,0.0,2067,1,79.4
1,BH5149-1-157,1st_Thin,23.23,2026,16,119.68
6,BH5149-1-157,2nd_Thin,33.66,2031,21,119.68
14,BH5149-1-157,Clearcut,97.0,2039,29,119.68
15,BH5149-1-157,Site_Prep,0.0,2040,1,119.68
30,BH5149-1-157,1st_Thin,43.94,2055,14,119.68
37,BH5149-1-157,2nd_Thin,35.06,2062,21,119.68
45,BH5149-1-157,Clearcut,97.0,2070,29,119.68
46,BH5149-1-157,Site_Prep,0.0,2071,1,119.68
1,BH5149-1-161,1st_Thin,24.81,2026,16,26.06
14,BH5149-1-161,Clearcut,97.0,2039,29,26.06
15,BH5149-1-161,Site_Prep,0.0,2040,1,26.06
30,BH5149-1-161,1st_Thin,44.18,2055,14,26.06
45,BH5149-1-161,Clearcut,97.0,2070,29,26.06
46,BH5149-1-161,Site_Prep,0.0,2071,1,26.06
20,BH5149-1-162,20.28% clearcut,20.28,2045,35,3.3692
21,BH5149-1-162,5.35% clearcut,5.35,2046,36,0.8884
22,BH5149-1-162,29.98% clearcut,29.98,2047,37,4.980472
23,BH5149-1-162,Clearcut,97.0,2048,38,7.371928
12,BH5186-1-174,Clearcut,97.0,2037,29,0.88
13,BH5186-1-174,Site_Prep,0.0,2038,1,0.88
28,BH5186-1-174,1st_Thin,43.1,2053,14,0.88
35,BH5186-1-174,2nd_Thin,45.66,2060,21,0.88
43,BH5186-1-174,Clearcut,97.0,2068,29,0.88
44,BH5186-1-174,Site_Prep,0.0,2069,1,0.88
3,BH5186-1-175,Clearcut,97.0,2028,35,2.31
4,BH5186-1-175,Site_Prep,0.0,2029,1,2.31
19,BH5186-1-175,1st_Thin,45.22,2044,14,2.31
34,BH5186-1-175,Clearcut,97.0,2059,29,2.31
35,BH5186-1-175,Site_Prep,0.0,2060,1,2.31
50,BH5186-1-175,1st_Thin,45.22,2075,14,2.31
8,BH5186-1-177,1st_Thin,43.76,2033,14,42.11
15,BH5186-1-177,2nd_Thin,35.04,2040,21,42.11
22,BH5186-1-177,Clearcut,97.0,2047,28,42.11
23,BH5186-1-177,Site_Prep,0.0,2048,1,42.11
38,BH5186-1-177,1st_Thin,43.94,2063,14,42.11
44,BH5186-1-177,2nd_Thin,33.14,2069,20,42.11
50,BH5186-1-177,Clearcut,97.0,2075,26,42.11
3,BH5186-1-179,32.31% clearcut,32.31,2028,36,8.9004
7,BH5186-1-179,Clearcut,97.0,2032,40,11.0014
38,BH5186-1-179,32.31% clearcut,32.31,2063,35,8.9004
42,BH5186-1-179,25.09% clearcut,25.09,2067,35,6.9124
43,BH5186-1-179,Clearcut,97.0,2068,36,4.089
8,BH5186-1-180,1st_Thin,43.76,2033,14,16.78
15,BH5186-1-180,2nd_Thin,35.04,2040,21,16.78
22,BH5186-1-180,Clearcut,97.0,2047,28,16.78
23,BH5186-1-180,Site_Prep,0.0,2048,1,16.78
38,BH5186-1-180,1st_Thin,43.94,2063,14,16.78
44,BH5186-1-180,2nd_Thin,33.14,2069,20,16.78
50,BH5186-1-180,Clearcut,97.0,2075,26,16.78
8,BH5186-1-181,1st_Thin,43.18,2033,14,5.34
14,BH5186-1-181,2nd_Thin,34.86,2039,20,5.34
21,BH5186-1-181,Clearcut,97.0,2046,27,5.34
22,BH5186-1-181,Site_Prep,0.0,2047,1,5.34
37,BH5186-1-181,1st_Thin,43.17,2062,14,5.34
43,BH5186-1-181,2nd_Thin,38.33,2068,20,5.34
49,BH5186-1-181,Clearcut,97.0,2074,26,5.34
50,BH5186-1-181,Site_Prep,0.0,2075,1,5.34
8,BH5186-1-182,1st_Thin,43.76,2033,14,11.75
15,BH5186-1-182,2nd_Thin,35.04,2040,21,11.75
22,BH5186-1-182,Clearcut,97.0,2047,28,11.75
23,BH5186-1-182,Site_Prep,0.0,2048,1,11.75
38,BH5186-1-182,1st_Thin,43.94,2063,14,11.75
44,BH5186-1-182,2nd_Thin,33.14,2069,20,11.75
50,BH5186-1-182,Clearcut,97.0,2075,26,11.75
8,BH5186-1-184,1st_Thin,43.18,2033,14,20.01
14,BH5186-1-184,2nd_Thin,34.86,2039,20,20.01
21,BH5186-1-184,Clearcut,97.0,2046,27,20.01
22,BH5186-1-184,Site_Prep,0.0,2047,1,20.01
37,BH5186-1-184,1st_Thin,43.17,2062,14,20.01
43,BH5186-1-184,2nd_Thin,38.33,2068,20,20.01
49,BH5186-1-184,Clearcut,97.0,2074,26,20.01
50,BH5186-1-184,Site_Prep,0.0,2075,1,20.01
8,BH5186-1-185,1st_Thin,43.18,2033,14,19.07
14,BH5186-1-185,2nd_Thin,34.86,2039,20,19.07
21,BH5186-1-185,Clearcut,97.0,2046,27,19.07
22,BH5186-1-185,Site_Prep,0.0,2047,1,19.07
37,BH5186-1-185,1st_Thin,43.17,2062,14,19.07
43,BH5186-1-185,2nd_Thin,38.33,2068,20,19.07
49,BH5186-1-185,Clearcut,97.0,2074,26,19.07
50,BH5186-1-185,Site_Prep,0.0,2075,1,19.07
9,BH5186-1-186,1st_Thin,45.26,2034,14,82.73
15,BH5186-1-186,2nd_Thin,36.85,2040,20,82.73
23,BH5186-1-186,Clearcut,97.0,2048,28,82.73
24,BH5186-1-186,Site_Prep,0.0,2049,1,82.73
39,BH5186-1-186,1st_Thin,43.17,2064,14,82.73
45,BH5186-1-186,2nd_Thin,38.33,2070,20,82.73
50,BH5186-1-186,Clearcut,97.0,2075,25,82.73
9,BH5186-1-187,1st_Thin,43.4,2034,14,10.71
15,BH5186-1-187,2nd_Thin,36.88,2040,20,10.71
22,BH5186-1-187,Clearcut,97.0,2047,27,10.71
23,BH5186-1-187,Site_Prep,0.0,2048,1,10.71
38,BH5186-1-187,1st_Thin,43.17,2063,14,10.71
44,BH5186-1-187,2nd_Thin,38.33,2069,20,10.71
50,BH5186-1-187,Clearcut,97.0,2075,26,10.71
1,BH5186-1-397,Site_Prep,0.0,2026,1,55.21
16,BH5186-1-397,1st_Thin,0.0,2041,14,55.21
21,BH5186-1-397,2nd_Thin,0.0,2046,19,55.21
29,BH5186-1-397,Clearcut,97.0,2054,27,55.21
30,BH5186-1-397,Site_Prep,0.0,2055,1,55.21
45,BH5186-1-397,1st_Thin,36.91,2070,14,55.21
50,BH5186-1-397,2nd_Thin,29.19,2075,19,55.21
8,BH5222-1-188,Clearcut,97.0,2033,24,17.13
9,BH5222-1-188,Site_Prep,0.0,2034,1,17.13
24,BH5222-1-188,1st_Thin,43.17,2049,14,17.13
31,BH5222-1-188,2nd_Thin,40.2,2056,21,17.13
39,BH5222-1-188,Clearcut,97.0,2064,29,17.13
40,BH5222-1-188,Site_Prep,0.0,2065,1,17.13
5,BH5222-1-190,2nd_Thin,0.0,2030,21,5.27
13,BH5222-1-190,Clearcut,97.0,2038,29,5.27
14,BH5222-1-190,Site_Prep,0.0,2039,1,5.27
29,BH5222-1-190,1st_Thin,43.17,2054,14,5.27
36,BH5222-1-190,2nd_Thin,40.2,2061,21,5.27
44,BH5222-1-190,Clearcut,97.0,2069,29,5.27
45,BH5222-1-190,Site_Prep,0.0,2070,1,5.27
11,BH5222-1-378,Clearcut,97.0,2036,27,43.48
12,BH5222-1-378,Site_Prep,0.0,2037,1,43.48
27,BH5222-1-378,1st_Thin,45.22,2052,14,43.48
34,BH5222-1-378,2nd_Thin,28.81,2059,21,43.48
42,BH5222-1-378,Clearcut,97.0,2067,29,43.48
43,BH5222-1-378,Site_Prep,0.0,2068,1,43.48
8,BH5591-1-192,Clearcut,97.0,2033,24,101.81
9,BH5591-1-192,Site_Prep,0.0,2034,1,101.81
24,BH5591-1-192,1st_Thin,43.17,2049,14,101.81
31,BH5591-1-192,2nd_Thin,40.2,2056,21,101.81
39,BH5591-1-192,Clearcut,97.0,2064,29,101.81
40,BH5591-1-192,Site_Prep,0.0,2065,1,101.81
9,BH5660-1-164,1st_Thin,49.63,2034,14,7.07
15,BH5660-1-164,2nd_Thin,30.94,2040,20,7.07
24,BH5660-1-164,Clearcut,97.0,2049,29,7.07
25,BH5660-1-164,Site_Prep,0.0,2050,1,7.07
40,BH5660-1-164,1st_Thin,44.6,2065,14,7.07
50,BH5660-1-164,Clearcut,97.0,2075,24,7.07
7,BH5660-1-166,2nd_Thin,31.03,2032,20,23.16
15,BH5660-1-166,Clearcut,97.0,2040,28,23.16
16,BH5660-1-166,Site_Prep,0.0,2041,1,23.16
31,BH5660-1-166,1st_Thin,43.1,2056,14,23.16
38,BH5660-1-166,2nd_Thin,45.66,2063,21,23.16
46,BH5660-1-166,Clearcut,97.0,2071,29,23.16
47,BH5660-1-166,Site_Prep,0.0,2072,1,23.16
7,BH5660-1-168,2nd_Thin,31.03,2032,20,7.27
15,BH5660-1-168,Clearcut,97.0,2040,28,7.27
16,BH5660-1-168,Site_Prep,0.0,2041,1,7.27
31,BH5660-1-168,1st_Thin,43.1,2056,14,7.27
38,BH5660-1-168,2nd_Thin,45.66,2063,21,7.27
46,BH5660-1-168,Clearcut,97.0,2071,29,7.27
47,BH5660-1-168,Site_Prep,0.0,2072,1,7.27
18,BH5660-1-169,Clearcut,97.0,2043,26,51.29
19,BH5660-1-169,Site_Prep,0.0,2044,1,51.29
34,BH5660-1-169,1st_Thin,43.94,2059,14,51.29
40,BH5660-1-169,2nd_Thin,33.14,2065,20,51.29
49,BH5660-1-169,Clearcut,97.0,2074,29,51.29
50,BH5660-1-169,Site_Prep,0.0,2075,1,51.29
7,BH5660-1-170,2nd_Thin,31.03,2032,20,4.42
15,BH5660-1-170,Clearcut,97.0,2040,28,4.42
16,BH5660-1-170,Site_Prep,0.0,2041,1,4.42
31,BH5660-1-170,1st_Thin,43.1,2056,14,4.42
38,BH5660-1-170,2nd_Thin,45.66,2063,21,4.42
46,BH5660-1-170,Clearcut,97.0,2071,29,4.42
47,BH5660-1-170,Site_Prep,0.0,2072,1,4.42
2,BH5660-1-171,1st_Thin,36.6,2027,15,21.16
8,BH5660-1-171,2nd_Thin,34.34,2033,21,21.16
15,BH5660-1-171,Clearcut,97.0,2040,28,21.16
16,BH5660-1-171,Site_Prep,0.0,2041,1,21.16
31,BH5660-1-171,1st_Thin,43.1,2056,14,21.16
38,BH5660-1-171,2nd_Thin,45.66,2063,21,21.16
46,BH5660-1-171,Clearcut,97.0,2071,29,21.16
47,BH5660-1-171,Site_Prep,0.0,2072,1,21.16
7,BH5660-1-173,2nd_Thin,31.03,2032,20,20.9
15,BH5660-1-173,Clearcut,97.0,2040,28,20.9
16,BH5660-1-173,Site_Prep,0.0,2041,1,20.9
31,BH5660-1-173,1st_Thin,43.1,2056,14,20.9
38,BH5660-1-173,2nd_Thin,45.66,2063,21,20.9
46,BH5660-1-173,Clearcut,97.0,2071,29,20.9
47,BH5660-1-173,Site_Prep,0.0,2072,1,20.9
8,BH5660-1-193,1st_Thin,46.51,2033,14,61.36
14,BH5660-1-193,2nd_Thin,29.88,2039,20,61.36
23,BH5660-1-193,Clearcut,97.0,2048,29,61.36
24,BH5660-1-193,Site_Prep,0.0,2049,1,61.36
39,BH5660-1-193,1st_Thin,44.6,2064,14,61.36
49,BH5660-1-193,Clearcut,97.0,2074,24,61.36
50,BH5660-1-193,Site_Prep,0.0,2075,1,61.36
9,BH5660-1-194,1st_Thin,47.57,2034,14,79.32
15,BH5660-1-194,2nd_Thin,34.93,2040,20,79.32
24,BH5660-1-194,Clearcut,97.0,2049,29,79.32
25,BH5660-1-194,Site_Prep,0.0,2050,1,79.32
40,BH5660-1-194,1st_Thin,44.6,2065,14,79.32
50,BH5660-1-194,Clearcut,97.0,2075,24,79.32
8,BH5660-1-196,Clearcut,97.0,2033,40,13.536
43,BH5660-1-196,Clearcut,97.0,2068,35,13.536
11,BH5660-1-198,Clearcut,97.0,2036,24,6.39
12,BH5660-1-198,Site_Prep,0.0,2037,1,6.39
27,BH5660-1-198,1st_Thin,43.1,2052,14,6.39
34,BH5660-1-198,2nd_Thin,45.66,2059,21,6.39
42,BH5660-1-198,Clearcut,97.0,2067,29,6.39
43,BH5660-1-198,Site_Prep,0.0,2068,1,6.39
11,BH5660-1-199,Clearcut,97.0,2036,24,3.67
12,BH5660-1-199,Site_Prep,0.0,2037,1,3.67
27,BH5660-1-199,1st_Thin,43.1,2052,14,3.67
34,BH5660-1-199,2nd_Thin,45.66,2059,21,3.67
42,BH5660-1-199,Clearcut,97.0,2067,29,3.67
43,BH5660-1-199,Site_Prep,0.0,2068,1,3.67
15,BH5660-1-201,Clearcut,97.0,2040,28,25.29
16,BH5660-1-201,Site_Prep,0.0,2041,1,25.29
31,BH5660-1-201,1st_Thin,43.17,2056,14,25.29
38,BH5660-1-201,2nd_Thin,40.2,2063,21,25.29
46,BH5660-1-201,Clearcut,97.0,2071,29,25.29
47,BH5660-1-201,Site_Prep,0.0,2072,1,25.29
12,BH6112-1-202,Clearcut,97.0,2037,29,24.8
13,BH6112-1-202,Site_Prep,0.0,2038,1,24.8
28,BH6112-1-202,1st_Thin,43.41,2053,14,24.8
43,BH6112-1-202,Clearcut,97.0,2068,29,24.8
44,BH6112-1-202,Site_Prep,0.0,2069,1,24.8
8,BH6112-1-206,1st_Thin,43.07,2033,14,2.45
14,BH6112-1-206,2nd_Thin,32.59,2039,20,2.45
23,BH6112-1-206,Clearcut,97.0,2048,29,2.45
24,BH6112-1-206,Site_Prep,0.0,2049,1,2.45
39,BH6112-1-206,1st_Thin,45.22,2064,14,2.45
49,BH6112-1-206,Clearcut,97.0,2074,24,2.45
50,BH6112-1-206,Site_Prep,0.0,2075,1,2.45
3,BH6112-1-207,2nd_Thin,44.15,2028,20,38.52
12,BH6112-1-207,Clearcut,97.0,2037,29,38.52
13,BH6112-1-207,Site_Prep,0.0,2038,1,38.52
28,BH6112-1-207,1st_Thin,43.94,2053,14,38.52
34,BH6112-1-207,2nd_Thin,33.14,2059,20,38.52
43,BH6112-1-207,Clearcut,97.0,2068,29,38.52
44,BH6112-1-207,Site_Prep,0.0,2069,1,38.52
1,BH6112-1-210,Clearcut,97.0,2026,25,26.86
2,BH6112-1-210,Site_Prep,0.0,2027,1,26.86
17,BH6112-1-210,1st_Thin,43.17,2042,14,26.86
23,BH6112-1-210,2nd_Thin,38.33,2048,20,26.86
32,BH6112-1-210,Clearcut,97.0,2057,29,26.86
33,BH6112-1-210,Site_Prep,0.0,2058,1,26.86
48,BH6112-1-210,1st_Thin,43.17,2073,14,26.86
5,BH6112-1-211,Clearcut,97.0,2030,24,65.06
6,BH6112-1-211,Site_Prep,0.0,2031,1,65.06
21,BH6112-1-211,1st_Thin,44.18,2046,14,65.06
36,BH6112-1-211,Clearcut,97.0,2061,29,65.06
37,BH6112-1-211,Site_Prep,0.0,2062,1,65.06
3,BH6112-1-213,2nd_Thin,38.84,2028,20,49.27
12,BH6112-1-213,Clearcut,97.0,2037,29,49.27
13,BH6112-1-213,Site_Prep,0.0,2038,1,49.27
28,BH6112-1-213,1st_Thin,43.41,2053,14,49.27
43,BH6112-1-213,Clearcut,97.0,2068,29,49.27
44,BH6112-1-213,Site_Prep,0.0,2069,1,49.27
5,BH6112-1-215,Clearcut,97.0,2030,24,64.16
6,BH6112-1-215,Site_Prep,0.0,2031,1,64.16
21,BH6112-1-215,1st_Thin,44.18,2046,14,64.16
36,BH6112-1-215,Clearcut,97.0,2061,29,64.16
37,BH6112-1-215,Site_Prep,0.0,2062,1,64.16
8,BH6112-1-216,2nd_Thin,26.22,2033,21,76.7
15,BH6112-1-216,Clearcut,97.0,2040,28,76.7
16,BH6112-1-216,Site_Prep,0.0,2041,1,76.7
31,BH6112-1-216,1st_Thin,43.1,2056,14,76.7
38,BH6112-1-216,2nd_Thin,45.66,2063,21,76.7
46,BH6112-1-216,Clearcut,97.0,2071,29,76.7
47,BH6112-1-216,Site_Prep,0.0,2072,1,76.7
2,BH6112-1-218,1st_Thin,39.91,2027,15,22.17
11,BH6112-1-218,Clearcut,97.0,2036,24,22.17
12,BH6112-1-218,Site_Prep,0.0,2037,1,22.17
27,BH6112-1-218,1st_Thin,43.1,2052,14,22.17
34,BH6112-1-218,2nd_Thin,45.66,2059,21,22.17
42,BH6112-1-218,Clearcut,97.0,2067,29,22.17
43,BH6112-1-218,Site_Prep,0.0,2068,1,22.17
8,BH6112-1-219,1st_Thin,45.0,2033,14,18.06
15,BH6112-1-219,2nd_Thin,34.34,2040,21,18.06
23,BH6112-1-219,Clearcut,97.0,2048,29,18.06
24,BH6112-1-219,Site_Prep,0.0,2049,1,18.06
39,BH6112-1-219,1st_Thin,43.41,2064,14,18.06
49,BH6112-1-219,Clearcut,97.0,2074,24,18.06
50,BH6112-1-219,Site_Prep,0.0,2075,1,18.06
4,BH6112-1-222,1st_Thin,46.9,2029,14,10.95
14,BH6112-1-222,Clearcut,97.0,2039,24,10.95
15,BH6112-1-222,Site_Prep,0.0,2040,1,10.95
30,BH6112-1-222,1st_Thin,43.94,2055,14,10.95
36,BH6112-1-222,2nd_Thin,33.14,2061,20,10.95
45,BH6112-1-222,Clearcut,97.0,2070,29,10.95
46,BH6112-1-222,Site_Prep,0.0,2071,1,10.95
5,BH6112-1-224,Clearcut,97.0,2030,24,36.54
6,BH6112-1-224,Site_Prep,0.0,2031,1,36.54
21,BH6112-1-224,1st_Thin,44.18,2046,14,36.54
36,BH6112-1-224,Clearcut,97.0,2061,29,36.54
37,BH6112-1-224,Site_Prep,0.0,2062,1,36.54
1,BH6112-1-225,Clearcut,97.0,2026,25,1.61
2,BH6112-1-225,Site_Prep,0.0,2027,1,1.61
17,BH6112-1-225,1st_Thin,43.94,2042,14,1.61
24,BH6112-1-225,2nd_Thin,35.06,2049,21,1.61
32,BH6112-1-225,Clearcut,97.0,2057,29,1.61
33,BH6112-1-225,Site_Prep,0.0,2058,1,1.61
48,BH6112-1-225,1st_Thin,43.94,2073,14,1.61
1,BH6112-1-228,Clearcut,97.0,2026,25,0.83
2,BH6112-1-228,Site_Prep,0.0,2027,1,0.83
17,BH6112-1-228,1st_Thin,43.94,2042,14,0.83
23,BH6112-1-228,2nd_Thin,33.14,2048,20,0.83
32,BH6112-1-228,Clearcut,97.0,2057,29,0.83
33,BH6112-1-228,Site_Prep,0.0,2058,1,0.83
48,BH6112-1-228,1st_Thin,43.94,2073,14,0.83
2,BH6112-1-231,1st_Thin,31.62,2027,17,20.29
14,BH6112-1-231,Clearcut,97.0,2039,29,20.29
15,BH6112-1-231,Site_Prep,0.0,2040,1,20.29
30,BH6112-1-231,1st_Thin,45.22,2055,14,20.29
45,BH6112-1-231,Clearcut,97.0,2070,29,20.29
46,BH6112-1-231,Site_Prep,0.0,2071,1,20.29
12,BH6112-1-232,Clearcut,97.0,2037,29,5.53
13,BH6112-1-232,Site_Prep,0.0,2038,1,5.53
28,BH6112-1-232,1st_Thin,43.94,2053,14,5.53
35,BH6112-1-232,2nd_Thin,35.06,2060,21,5.53
43,BH6112-1-232,Clearcut,97.0,2068,29,5.53
44,BH6112-1-232,Site_Prep,0.0,2069,1,5.53
4,BH6112-1-235,1st_Thin,42.36,2029,14,52.66
19,BH6112-1-235,Clearcut,97.0,2044,29,52.66
20,BH6112-1-235,Site_Prep,0.0,2045,1,52.66
35,BH6112-1-235,1st_Thin,43.94,2060,14,52.66
42,BH6112-1-235,2nd_Thin,35.06,2067,21,52.66
49,BH6112-1-235,Clearcut,97.0,2074,28,52.66
50,BH6112-1-235,Site_Prep,0.0,2075,1,52.66
1,BH6112-1-238,Clearcut,97.0,2026,50,4.35
2,BH6112-1-238,Site_Prep,0.0,2027,1,4.35
17,BH6112-1-238,1st_Thin,34.22,2042,14,4.35
32,BH6112-1-238,Clearcut,97.0,2057,29,4.35
33,BH6112-1-238,Site_Prep,0.0,2058,1,4.35
48,BH6112-1-238,1st_Thin,34.22,2073,14,4.35
2,BH6112-1-239,1st_Thin,40.07,2027,16,78.5
10,BH6112-1-239,Clearcut,97.0,2035,24,78.5
11,BH6112-1-239,Site_Prep,0.0,2036,1,78.5
26,BH6112-1-239,1st_Thin,43.1,2051,14,78.5
33,BH6112-1-239,2nd_Thin,45.66,2058,21,78.5
41,BH6112-1-239,Clearcut,97.0,2066,29,78.5
42,BH6112-1-239,Site_Prep,0.0,2067,1,78.5
8,BH6112-1-242,Clearcut,97.0,2033,24,22.48
9,BH6112-1-242,Site_Prep,0.0,2034,1,22.48
24,BH6112-1-242,1st_Thin,43.1,2049,14,22.48
31,BH6112-1-242,2nd_Thin,45.66,2056,21,22.48
39,BH6112-1-242,Clearcut,97.0,2064,29,22.48
40,BH6112-1-242,Site_Prep,0.0,2065,1,22.48
8,BH6112-1-243,2nd_Thin,26.22,2033,21,109.07
15,BH6112-1-243,Clearcut,97.0,2040,28,109.07
16,BH6112-1-243,Site_Prep,0.0,2041,1,109.07
31,BH6112-1-243,1st_Thin,43.1,2056,14,109.07
38,BH6112-1-243,2nd_Thin,45.66,2063,21,109.07
46,BH6112-1-243,Clearcut,97.0,2071,29,109.07
47,BH6112-1-243,Site_Prep,0.0,2072,1,109.07
9,BH6112-1-244,Clearcut,97.0,2034,29,29.47
10,BH6112-1-244,Site_Prep,0.0,2035,1,29.47
25,BH6112-1-244,1st_Thin,43.41,2050,14,29.47
40,BH6112-1-244,Clearcut,97.0,2065,29,29.47
41,BH6112-1-244,Site_Prep,0.0,2066,1,29.47
8,BH6112-1-246,Clearcut,97.0,2033,24,34.59
9,BH6112-1-246,Site_Prep,0.0,2034,1,34.59
24,BH6112-1-246,1st_Thin,43.17,2049,14,34.59
31,BH6112-1-246,2nd_Thin,40.2,2056,21,34.59
39,BH6112-1-246,Clearcut,97.0,2064,29,34.59
40,BH6112-1-246,Site_Prep,0.0,2065,1,34.59
8,BH6112-1-248,2nd_Thin,26.22,2033,21,22.28
16,BH6112-1-248,Clearcut,97.0,2041,29,22.28
17,BH6112-1-248,Site_Prep,0.0,2042,1,22.28
32,BH6112-1-248,1st_Thin,44.6,2057,14,22.28
47,BH6112-1-248,Clearcut,97.0,2072,29,22.28
48,BH6112-1-248,Site_Prep,0.0,2073,1,22.28
4,BH6112-1-249,1st_Thin,39.79,2029,14,13.12
19,BH6112-1-249,Clearcut,97.0,2044,29,13.12
20,BH6112-1-249,Site_Prep,0.0,2045,1,13.12
35,BH6112-1-249,1st_Thin,45.22,2060,14,13.12
42,BH6112-1-249,2nd_Thin,28.81,2067,21,13.12
49,BH6112-1-249,Clearcut,97.0,2074,28,13.12
50,BH6112-1-249,Site_Prep,0.0,2075,1,13.12
9,BH6112-1-251,1st_Thin,48.03,2034,14,20.01
16,BH6112-1-251,2nd_Thin,38.06,2041,21,20.01
24,BH6112-1-251,Clearcut,97.0,2049,29,20.01
25,BH6112-1-251,Site_Prep,0.0,2050,1,20.01
40,BH6112-1-251,1st_Thin,44.6,2065,14,20.01
50,BH6112-1-251,Clearcut,97.0,2075,24,20.01
8,BH6112-1-252,Clearcut,97.0,2033,24,1.37
9,BH6112-1-252,Site_Prep,0.0,2034,1,1.37
24,BH6112-1-252,1st_Thin,43.1,2049,14,1.37
31,BH6112-1-252,2nd_Thin,45.66,2056,21,1.37
39,BH6112-1-252,Clearcut,97.0,2064,29,1.37
40,BH6112-1-252,Site_Prep,0.0,2065,1,1.37
12,BH6112-1-256,Clearcut,97.0,2037,29,16.4
13,BH6112-1-256,Site_Prep,0.0,2038,1,16.4
28,BH6112-1-256,1st_Thin,43.94,2053,14,16.4
35,BH6112-1-256,2nd_Thin,35.06,2060,21,16.4
43,BH6112-1-256,Clearcut,97.0,2068,29,16.4
44,BH6112-1-256,Site_Prep,0.0,2069,1,16.4
12,BH6112-1-257,Clearcut,97.0,2037,29,29.57
13,BH6112-1-257,Site_Prep,0.0,2038,1,29.57
28,BH6112-1-257,1st_Thin,45.22,2053,14,29.57
43,BH6112-1-257,Clearcut,97.0,2068,29,29.57
44,BH6112-1-257,Site_Prep,0.0,2069,1,29.57
12,BH6112-1-258,Clearcut,97.0,2037,29,82.63
13,BH6112-1-258,Site_Prep,0.0,2038,1,82.63
28,BH6112-1-258,1st_Thin,43.41,2053,14,82.63
43,BH6112-1-258,Clearcut,97.0,2068,29,82.63
44,BH6112-1-258,Site_Prep,0.0,2069,1,82.63
9,BH6112-1-260,1st_Thin,47.65,2034,14,50.34
16,BH6112-1-260,2nd_Thin,38.1,2041,21,50.34
24,BH6112-1-260,Clearcut,97.0,2049,29,50.34
25,BH6112-1-260,Site_Prep,0.0,2050,1,50.34
40,BH6112-1-260,1st_Thin,44.6,2065,14,50.34
50,BH6112-1-260,Clearcut,97.0,2075,24,50.34
12,BH6112-1-262,Clearcut,97.0,2037,28,10.25
13,BH6112-1-262,Site_Prep,0.0,2038,1,10.25
28,BH6112-1-262,1st_Thin,43.94,2053,14,10.25
34,BH6112-1-262,2nd_Thin,33.14,2059,20,10.25
43,BH6112-1-262,Clearcut,97.0,2068,29,10.25
44,BH6112-1-262,Site_Prep,0.0,2069,1,10.25
15,BH6112-1-263,Clearcut,97.0,2040,28,0.11
16,BH6112-1-263,Site_Prep,0.0,2041,1,0.11
31,BH6112-1-263,1st_Thin,43.1,2056,14,0.11
38,BH6112-1-263,2nd_Thin,45.66,2063,21,0.11
46,BH6112-1-263,Clearcut,97.0,2071,29,0.11
47,BH6112-1-263,Site_Prep,0.0,2072,1,0.11
3,BH6112-1-264,Clearcut,97.0,2028,24,5.75
4,BH6112-1-264,Site_Prep,0.0,2029,1,5.75
19,BH6112-1-264,1st_Thin,43.41,2044,14,5.75
34,BH6112-1-264,Clearcut,97.0,2059,29,5.75
35,BH6112-1-264,Site_Prep,0.0,2060,1,5.75
50,BH6112-1-264,1st_Thin,43.41,2075,14,5.75
11,BH6112-1-265,Clearcut,97.0,2036,29,0.34
12,BH6112-1-265,Site_Prep,0.0,2037,1,0.34
27,BH6112-1-265,1st_Thin,43.94,2052,14,0.34
34,BH6112-1-265,2nd_Thin,35.06,2059,21,0.34
42,BH6112-1-265,Clearcut,97.0,2067,29,0.34
43,BH6112-1-265,Site_Prep,0.0,2068,1,0.34
2,BH6112-1-266,1st_Thin,41.81,2027,14,8.01
17,BH6112-1-266,Clearcut,97.0,2042,29,8.01
18,BH6112-1-266,Site_Prep,0.0,2043,1,8.01
33,BH6112-1-266,1st_Thin,45.22,2058,14,8.01
48,BH6112-1-266,Clearcut,97.0,2073,29,8.01
49,BH6112-1-266,Site_Prep,0.0,2074,1,8.01
1,BH6112-1-268,Clearcut,97.0,2026,29,5.14
2,BH6112-1-268,Site_Prep,0.0,2027,1,5.14
17,BH6112-1-268,1st_Thin,34.48,2042,14,5.14
32,BH6112-1-268,Clearcut,97.0,2057,29,5.14
33,BH6112-1-268,Site_Prep,0.0,2058,1,5.14
48,BH6112-1-268,1st_Thin,34.48,2073,14,5.14
12,BH6112-1-334,1st_Thin,51.06,2037,14,122.14
23,BH6112-1-334,Clearcut,97.0,2048,25,122.14
24,BH6112-1-334,Site_Prep,0.0,2049,1,122.14
39,BH6112-1-334,1st_Thin,43.41,2064,14,122.14
49,BH6112-1-334,Clearcut,97.0,2074,24,122.14
50,BH6112-1-334,Site_Prep,0.0,2075,1,122.14
13,BH6112-1-344,1st_Thin,51.0,2038,14,45.46
23,BH6112-1-344,Clearcut,97.0,2048,24,45.46
24,BH6112-1-344,Site_Prep,0.0,2049,1,45.46
39,BH6112-1-344,1st_Thin,43.41,2064,14,45.46
49,BH6112-1-344,Clearcut,97.0,2074,24,45.46
50,BH6112-1-344,Site_Prep,0.0,2075,1,45.46
13,BH6112-1-363,1st_Thin,52.42,2038,14,5.15
23,BH6112-1-363,Clearcut,97.0,2048,24,5.15
24,BH6112-1-363,Site_Prep,0.0,2049,1,5.15
39,BH6112-1-363,1st_Thin,43.41,2064,14,5.15
49,BH6112-1-363,Clearcut,97.0,2074,24,5.15
50,BH6112-1-363,Site_Prep,0.0,2075,1,5.15
12,BH6112-1-372,Clearcut,97.0,2037,29,51.79
13,BH6112-1-372,Site_Prep,0.0,2038,1,51.79
28,BH6112-1-372,1st_Thin,43.94,2053,14,51.79
35,BH6112-1-372,2nd_Thin,35.06,2060,21,51.79
43,BH6112-1-372,Clearcut,97.0,2068,29,51.79
44,BH6112-1-372,Site_Prep,0.0,2069,1,51.79
8,BH6112-1-373,Clearcut,97.0,2033,24,74.19
9,BH6112-1-373,Site_Prep,0.0,2034,1,74.19
24,BH6112-1-373,1st_Thin,43.1,2049,14,74.19
31,BH6112-1-373,2nd_Thin,45.66,2056,21,74.19
39,BH6112-1-373,Clearcut,97.0,2064,29,74.19
40,BH6112-1-373,Site_Prep,0.0,2065,1,74.19
8,BH6112-1-374,Clearcut,97.0,2033,24,141.01
9,BH6112-1-374,Site_Prep,0.0,2034,1,141.01
24,BH6112-1-374,1st_Thin,43.17,2049,14,141.01
31,BH6112-1-374,2nd_Thin,40.2,2056,21,141.01
39,BH6112-1-374,Clearcut,97.0,2064,29,141.01
40,BH6112-1-374,Site_Prep,0.0,2065,1,141.01
14,BH6112-1-377,Clearcut,97.0,2039,29,34.85
15,BH6112-1-377,Site_Prep,0.0,2040,1,34.85
30,BH6112-1-377,1st_Thin,45.22,2055,14,34.85
45,BH6112-1-377,Clearcut,97.0,2070,29,34.85
46,BH6112-1-377,Site_Prep,0.0,2071,1,34.85
14,BH6112-1-382,1st_Thin,51.26,2039,14,68.75
24,BH6112-1-382,Clearcut,97.0,2049,24,68.75
25,BH6112-1-382,Site_Prep,0.0,2050,1,68.75
40,BH6112-1-382,1st_Thin,43.94,2065,14,68.75
50,BH6112-1-382,Clearcut,97.0,2075,24,68.75
13,BH6112-1-388,1st_Thin,53.97,2038,14,235.4
23,BH6112-1-388,Clearcut,97.0,2048,24,235.4
24,BH6112-1-388,Site_Prep,0.0,2049,1,235.4
39,BH6112-1-388,1st_Thin,43.41,2064,14,235.4
49,BH6112-1-388,Clearcut,97.0,2074,24,235.4
50,BH6112-1-388,Site_Prep,0.0,2075,1,235.4
10,BH6112-1-391,Clearcut,97.0,2035,29,144.78
11,BH6112-1-391,Site_Prep,0.0,2036,1,144.78
26,BH6112-1-391,1st_Thin,44.18,2051,14,144.78
41,BH6112-1-391,Clearcut,97.0,2066,29,144.78
42,BH6112-1-391,Site_Prep,0.0,2067,1,144.78
12,BH6112-1-392,Clearcut,97.0,2037,29,90.34
13,BH6112-1-392,Site_Prep,0.0,2038,1,90.34
28,BH6112-1-392,1st_Thin,43.41,2053,14,90.34
43,BH6112-1-392,Clearcut,97.0,2068,29,90.34
44,BH6112-1-392,Site_Prep,0.0,2069,1,90.34
1,BH6112-1-393,Clearcut,97.0,2026,25,10.2
2,BH6112-1-393,Site_Prep,0.0,2027,1,10.2
17,BH6112-1-393,1st_Thin,43.17,2042,14,10.2
23,BH6112-1-393,2nd_Thin,38.33,2048,20,10.2
32,BH6112-1-393,Clearcut,97.0,2057,29,10.2
33,BH6112-1-393,Site_Prep,0.0,2058,1,10.2
48,BH6112-1-393,1st_Thin,43.17,2073,14,10.2
8,BH6112-1-401,Clearcut,97.0,2033,24,63.61
9,BH6112-1-401,Site_Prep,0.0,2034,1,63.61
24,BH6112-1-401,1st_Thin,43.1,2049,14,63.61
31,BH6112-1-401,2nd_Thin,45.66,2056,21,63.61
39,BH6112-1-401,Clearcut,97.0,2064,29,63.61
40,BH6112-1-401,Site_Prep,0.0,2065,1,63.61
10,BH6112-1-403,Clearcut,97.0,2035,24,12.44
11,BH6112-1-403,Site_Prep,0.0,2036,1,12.44
26,BH6112-1-403,1st_Thin,43.1,2051,14,12.44
33,BH6112-1-403,2nd_Thin,45.66,2058,21,12.44
41,BH6112-1-403,Clearcut,97.0,2066,29,12.44
42,BH6112-1-403,Site_Prep,0.0,2067,1,12.44
10,BH6112-1-404,Clearcut,97.0,2035,29,131.14
11,BH6112-1-404,Site_Prep,0.0,2036,1,131.14
26,BH6112-1-404,1st_Thin,44.18,2051,14,131.14
41,BH6112-1-404,Clearcut,97.0,2066,29,131.14
42,BH6112-1-404,Site_Prep,0.0,2067,1,131.14
10,BH6112-1-405,Clearcut,97.0,2035,24,9.05
11,BH6112-1-405,Site_Prep,0.0,2036,1,9.05
26,BH6112-1-405,1st_Thin,43.1,2051,14,9.05
33,BH6112-1-405,2nd_Thin,45.66,2058,21,9.05
41,BH6112-1-405,Clearcut,97.0,2066,29,9.05
42,BH6112-1-405,Site_Prep,0.0,2067,1,9.05
5,BH6125-1-269,1st_Thin,39.28,2030,14,67.58
20,BH6125-1-269,Clearcut,97.0,2045,29,67.58
21,BH6125-1-269,Site_Prep,0.0,2046,1,67.58
36,BH6125-1-269,1st_Thin,45.22,2061,14,67.58
43,BH6125-1-269,2nd_Thin,28.81,2068,21,67.58
49,BH6125-1-269,Clearcut,97.0,2074,27,67.58
50,BH6125-1-269,Site_Prep,0.0,2075,1,67.58
16,BH6125-1-273,Clearcut,97.0,2041,24,3.23
17,BH6125-1-273,Site_Prep,0.0,2042,1,3.23
32,BH6125-1-273,1st_Thin,45.22,2057,14,3.23
39,BH6125-1-273,2nd_Thin,28.81,2064,21,3.23
47,BH6125-1-273,Clearcut,97.0,2072,29,3.23
48,BH6125-1-273,Site_Prep,0.0,2073,1,3.23
12,BH6125-1-274,Clearcut,97.0,2037,29,13.74
13,BH6125-1-274,Site_Prep,0.0,2038,1,13.74
28,BH6125-1-274,1st_Thin,43.94,2053,14,13.74
35,BH6125-1-274,2nd_Thin,35.06,2060,21,13.74
43,BH6125-1-274,Clearcut,97.0,2068,29,13.74
44,BH6125-1-274,Site_Prep,0.0,2069,1,13.74
5,BH6125-1-275,Clearcut,97.0,2030,24,10.58
6,BH6125-1-275,Site_Prep,0.0,2031,1,10.58
21,BH6125-1-275,1st_Thin,43.94,2046,14,10.58
28,BH6125-1-275,2nd_Thin,35.06,2053,21,10.58
34,BH6125-1-275,Clearcut,97.0,2059,27,10.58
35,BH6125-1-275,Site_Prep,0.0,2060,1,10.58
50,BH6125-1-275,1st_Thin,43.94,2075,14,10.58
11,BH6125-1-276,Clearcut,97.0,2036,29,26.96
12,BH6125-1-276,Site_Prep,0.0,2037,1,26.96
27,BH6125-1-276,1st_Thin,44.18,2052,14,26.96
42,BH6125-1-276,Clearcut,97.0,2067,29,26.96
43,BH6125-1-276,Site_Prep,0.0,2068,1,26.96
8,BH6125-1-279,Clearcut,97.0,2033,24,9.17
9,BH6125-1-279,Site_Prep,0.0,2034,1,9.17
24,BH6125-1-279,1st_Thin,43.1,2049,14,9.17
31,BH6125-1-279,2nd_Thin,45.66,2056,21,9.17
39,BH6125-1-279,Clearcut,97.0,2064,29,9.17
40,BH6125-1-279,Site_Prep,0.0,2065,1,9.17
7,BH6125-1-281,Clearcut,97.0,2032,27,9.59
8,BH6125-1-281,Site_Prep,0.0,2033,1,9.59
23,BH6125-1-281,1st_Thin,45.22,2048,14,9.59
30,BH6125-1-281,2nd_Thin,28.81,2055,21,9.59
38,BH6125-1-281,Clearcut,97.0,2063,29,9.59
39,BH6125-1-281,Site_Prep,0.0,2064,1,9.59
8,BH6125-1-282,2nd_Thin,26.22,2033,21,34.5
15,BH6125-1-282,Clearcut,97.0,2040,28,34.5
16,BH6125-1-282,Site_Prep,0.0,2041,1,34.5
31,BH6125-1-282,1st_Thin,43.1,2056,14,34.5
38,BH6125-1-282,2nd_Thin,45.66,2063,21,34.5
46,BH6125-1-282,Clearcut,97.0,2071,29,34.5
47,BH6125-1-282,Site_Prep,0.0,2072,1,34.5
1,BH6125-1-283,Clearcut,97.0,2026,37,34.91
2,BH6125-1-283,Site_Prep,0.0,2027,1,34.91
17,BH6125-1-283,1st_Thin,34.24,2042,14,34.91
32,BH6125-1-283,Clearcut,97.0,2057,29,34.91
33,BH6125-1-283,Site_Prep,0.0,2058,1,34.91
48,BH6125-1-283,1st_Thin,34.24,2073,14,34.91
1,BH6125-1-284,Clearcut,97.0,2026,37,32.53
2,BH6125-1-284,Site_Prep,0.0,2027,1,32.53
17,BH6125-1-284,1st_Thin,34.24,2042,14,32.53
32,BH6125-1-284,Clearcut,97.0,2057,29,32.53
33,BH6125-1-284,Site_Prep,0.0,2058,1,32.53
48,BH6125-1-284,1st_Thin,34.24,2073,14,32.53
11,BH6125-1-285,Clearcut,97.0,2036,29,9.06
12,BH6125-1-285,Site_Prep,0.0,2037,1,9.06
27,BH6125-1-285,1st_Thin,45.22,2052,14,9.06
34,BH6125-1-285,2nd_Thin,28.81,2059,21,9.06
42,BH6125-1-285,Clearcut,97.0,2067,29,9.06
43,BH6125-1-285,Site_Prep,0.0,2068,1,9.06
1,BH6125-1-286,Clearcut,97.0,2026,37,52.13
2,BH6125-1-286,Site_Prep,0.0,2027,1,52.13
17,BH6125-1-286,1st_Thin,36.47,2042,14,52.13
32,BH6125-1-286,Clearcut,97.0,2057,29,52.13
33,BH6125-1-286,Site_Prep,0.0,2058,1,52.13
48,BH6125-1-286,1st_Thin,36.47,2073,14,52.13
1,BH6125-1-287,Clearcut,97.0,2026,37,5.73
2,BH6125-1-287,Site_Prep,0.0,2027,1,5.73
17,BH6125-1-287,1st_Thin,36.47,2042,14,5.73
32,BH6125-1-287,Clearcut,97.0,2057,29,5.73
33,BH6125-1-287,Site_Prep,0.0,2058,1,5.73
48,BH6125-1-287,1st_Thin,36.47,2073,14,5.73
10,BH6125-1-289,1st_Thin,47.82,2035,14,53.84
16,BH6125-1-289,2nd_Thin,38.82,2041,20,53.84
24,BH6125-1-289,Clearcut,97.0,2049,28,53.84
25,BH6125-1-289,Site_Prep,0.0,2050,1,53.84
40,BH6125-1-289,1st_Thin,44.18,2065,14,53.84
50,BH6125-1-289,Clearcut,97.0,2075,24,53.84
10,BH6125-1-291,Clearcut,97.0,2035,35,9.18
38,BH6125-1-291,22.89% clearcut,22.89,2063,28,2.101
39,BH6125-1-291,Clearcut,97.0,2064,29,7.079
8,BH6125-1-292,Clearcut,97.0,2033,24,2.28
9,BH6125-1-292,Site_Prep,0.0,2034,1,2.28
24,BH6125-1-292,1st_Thin,43.1,2049,14,2.28
31,BH6125-1-292,2nd_Thin,45.66,2056,21,2.28
39,BH6125-1-292,Clearcut,97.0,2064,29,2.28
40,BH6125-1-292,Site_Prep,0.0,2065,1,2.28
1,BH6125-1-293,Clearcut,97.0,2026,37,6.94
2,BH6125-1-293,Site_Prep,0.0,2027,1,6.94
17,BH6125-1-293,1st_Thin,34.24,2042,14,6.94
32,BH6125-1-293,Clearcut,97.0,2057,29,6.94
33,BH6125-1-293,Site_Prep,0.0,2058,1,6.94
48,BH6125-1-293,1st_Thin,34.24,2073,14,6.94
8,BH6125-1-294,2nd_Thin,29.27,2033,21,4.54
15,BH6125-1-294,Clearcut,97.0,2040,28,4.54
16,BH6125-1-294,Site_Prep,0.0,2041,1,4.54
31,BH6125-1-294,1st_Thin,43.1,2056,14,4.54
38,BH6125-1-294,2nd_Thin,45.66,2063,21,4.54
46,BH6125-1-294,Clearcut,97.0,2071,29,4.54
47,BH6125-1-294,Site_Prep,0.0,2072,1,4.54
1,BH6125-1-297,Clearcut,97.0,2026,37,40.51
2,BH6125-1-297,Site_Prep,0.0,2027,1,40.51
17,BH6125-1-297,1st_Thin,34.24,2042,14,40.51
32,BH6125-1-297,Clearcut,97.0,2057,29,40.51
33,BH6125-1-297,Site_Prep,0.0,2058,1,40.51
48,BH6125-1-297,1st_Thin,34.24,2073,14,40.51
3,BH6125-1-298,Clearcut,97.0,2028,37,3.15
4,BH6125-1-298,Site_Prep,0.0,2029,1,3.15
19,BH6125-1-298,1st_Thin,43.41,2044,14,3.15
34,BH6125-1-298,Clearcut,97.0,2059,29,3.15
35,BH6125-1-298,Site_Prep,0.0,2060,1,3.15
50,BH6125-1-298,1st_Thin,43.41,2075,14,3.15
8,BH6125-1-304,1st_Thin,43.19,2033,14,42.96
14,BH6125-1-304,2nd_Thin,35.37,2039,20,42.96
22,BH6125-1-304,Clearcut,97.0,2047,28,42.96
23,BH6125-1-304,Site_Prep,0.0,2048,1,42.96
38,BH6125-1-304,1st_Thin,43.94,2063,14,42.96
45,BH6125-1-304,2nd_Thin,35.06,2070,21,42.96
50,BH6125-1-304,Clearcut,97.0,2075,26,42.96
8,BH6125-1-305,1st_Thin,42.99,2033,14,31.68
14,BH6125-1-305,2nd_Thin,34.48,2039,20,31.68
22,BH6125-1-305,Clearcut,97.0,2047,28,31.68
23,BH6125-1-305,Site_Prep,0.0,2048,1,31.68
38,BH6125-1-305,1st_Thin,43.94,2063,14,31.68
44,BH6125-1-305,2nd_Thin,33.14,2069,20,31.68
50,BH6125-1-305,Clearcut,97.0,2075,26,31.68
13,BH6125-1-307,Clearcut,97.0,2038,28,8.29
14,BH6125-1-307,Site_Prep,0.0,2039,1,8.29
29,BH6125-1-307,1st_Thin,43.94,2054,14,8.29
36,BH6125-1-307,2nd_Thin,35.06,2061,21,8.29
44,BH6125-1-307,Clearcut,97.0,2069,29,8.29
45,BH6125-1-307,Site_Prep,0.0,2070,1,8.29
3,BH6125-1-311,Clearcut,97.0,2028,50,3.05
4,BH6125-1-311,Site_Prep,0.0,2029,1,3.05
19,BH6125-1-311,1st_Thin,44.6,2044,14,3.05
34,BH6125-1-311,Clearcut,97.0,2059,29,3.05
35,BH6125-1-311,Site_Prep,0.0,2060,1,3.05
50,BH6125-1-311,1st_Thin,44.6,2075,14,3.05
8,BH6125-1-314,1st_Thin,44.09,2033,14,3.98
14,BH6125-1-314,2nd_Thin,34.22,2039,20,3.98
23,BH6125-1-314,Clearcut,97.0,2048,29,3.98
24,BH6125-1-314,Site_Prep,0.0,2049,1,3.98
39,BH6125-1-314,1st_Thin,43.41,2064,14,3.98
49,BH6125-1-314,Clearcut,97.0,2074,24,3.98
50,BH6125-1-314,Site_Prep,0.0,2075,1,3.98
8,BH6125-1-319,1st_Thin,43.19,2033,14,31.55
14,BH6125-1-319,2nd_Thin,35.37,2039,20,31.55
22,BH6125-1-319,Clearcut,97.0,2047,28,31.55
23,BH6125-1-319,Site_Prep,0.0,2048,1,31.55
38,BH6125-1-319,1st_Thin,43.94,2063,14,31.55
45,BH6125-1-319,2nd_Thin,35.06,2070,21,31.55
50,BH6125-1-319,Clearcut,97.0,2075,26,31.55
8,BH6125-1-320,1st_Thin,43.19,2033,14,95.6
14,BH6125-1-320,2nd_Thin,35.37,2039,20,95.6
22,BH6125-1-320,64.31% clearcut,64.31,2047,28,61.4836
23,BH6125-1-320,Site_Prep,0.0,2048,1,61.4836
23,BH6125-1-320,Clearcut,97.0,2048,29,34.1164
24,BH6125-1-320,Site_Prep,0.0,2049,1,34.1164
38,BH6125-1-320,1st_Thin,43.94,2063,14,61.4836
39,BH6125-1-320,1st_Thin,43.94,2064,14,34.1164
45,BH6125-1-320,2nd_Thin,35.06,2070,21,61.4836
49,BH6125-1-320,35.69% clearcut,35.69,2074,24,34.1164
50,BH6125-1-320,Site_Prep,0.0,2075,1,34.1164
50,BH6125-1-320,Clearcut,97.0,2075,26,61.4836
8,BH6125-1-321,1st_Thin,44.09,2033,14,32.64
14,BH6125-1-321,2nd_Thin,34.22,2039,20,32.64
23,BH6125-1-321,Clearcut,97.0,2048,29,32.64
24,BH6125-1-321,Site_Prep,0.0,2049,1,32.64
39,BH6125-1-321,1st_Thin,43.41,2064,14,32.64
49,BH6125-1-321,Clearcut,97.0,2074,24,32.64
50,BH6125-1-321,Site_Prep,0.0,2075,1,32.64
5,BH6125-1-326,2nd_Thin,38.87,2030,20,2.57
14,BH6125-1-326,Clearcut,97.0,2039,29,2.57
15,BH6125-1-326,Site_Prep,0.0,2040,1,2.57
30,BH6125-1-326,1st_Thin,43.94,2055,14,2.57
37,BH6125-1-326,2nd_Thin,35.06,2062,21,2.57
45,BH6125-1-326,Clearcut,97.0,2070,29,2.57
46,BH6125-1-326,Site_Prep,0.0,2071,1,2.57
12,BH6125-1-335,1st_Thin,53.36,2037,14,45.29
23,BH6125-1-335,Clearcut,97.0,2048,25,45.29
24,BH6125-1-335,Site_Prep,0.0,2049,1,45.29
39,BH6125-1-335,1st_Thin,45.22,2064,14,45.29
49,BH6125-1-335,Clearcut,97.0,2074,24,45.29
50,BH6125-1-335,Site_Prep,0.0,2075,1,45.29
13,BH6125-1-346,1st_Thin,54.55,2038,14,129.1
23,BH6125-1-346,Clearcut,97.0,2048,24,129.1
24,BH6125-1-346,Site_Prep,0.0,2049,1,129.1
39,BH6125-1-346,1st_Thin,43.41,2064,14,129.1
49,BH6125-1-346,Clearcut,97.0,2074,24,129.1
50,BH6125-1-346,Site_Prep,0.0,2075,1,129.1
13,BH6125-1-352,1st_Thin,52.52,2038,14,18.27
19,BH6125-1-352,2nd_Thin,27.97,2044,20,18.27
24,BH6125-1-352,Clearcut,97.0,2049,25,18.27
25,BH6125-1-352,Site_Prep,0.0,2050,1,18.27
40,BH6125-1-352,1st_Thin,43.94,2065,14,18.27
50,BH6125-1-352,Clearcut,97.0,2075,24,18.27
5,BH6125-1-354,Clearcut,97.0,2030,28,0.78
6,BH6125-1-354,Site_Prep,0.0,2031,1,0.78
21,BH6125-1-354,1st_Thin,43.1,2046,14,0.78
28,BH6125-1-354,2nd_Thin,45.66,2053,21,0.78
34,BH6125-1-354,Clearcut,97.0,2059,27,0.78
35,BH6125-1-354,Site_Prep,0.0,2060,1,0.78
50,BH6125-1-354,1st_Thin,43.1,2075,14,0.78
12,BH6125-1-358,1st_Thin,53.36,2037,14,47.44
23,BH6125-1-358,Clearcut,97.0,2048,25,47.44
24,BH6125-1-358,Site_Prep,0.0,2049,1,47.44
39,BH6125-1-358,1st_Thin,45.22,2064,14,47.44
49,BH6125-1-358,Clearcut,97.0,2074,24,47.44
50,BH6125-1-358,Site_Prep,0.0,2075,1,47.44
12,BH6125-1-360,1st_Thin,52.54,2037,14,6.5
18,BH6125-1-360,2nd_Thin,27.82,2043,20,6.5
24,BH6125-1-360,Clearcut,97.0,2049,26,6.5
25,BH6125-1-360,Site_Prep,0.0,2050,1,6.5
40,BH6125-1-360,1st_Thin,43.94,2065,14,6.5
50,BH6125-1-360,Clearcut,97.0,2075,24,6.5
14,BH6125-1-366,1st_Thin,51.75,2039,14,15.35
20,BH6125-1-366,2nd_Thin,34.02,2045,20,15.35
29,BH6125-1-366,Clearcut,97.0,2054,29,15.35
30,BH6125-1-366,Site_Prep,0.0,2055,1,15.35
45,BH6125-1-366,1st_Thin,43.94,2070,14,15.35
50,BH6125-1-366,2nd_Thin,30.94,2075,19,15.35
7,BH6125-1-368,Clearcut,97.0,2032,27,32.85
8,BH6125-1-368,Site_Prep,0.0,2033,1,32.85
23,BH6125-1-368,1st_Thin,45.22,2048,14,32.85
30,BH6125-1-368,2nd_Thin,28.81,2055,21,32.85
38,BH6125-1-368,Clearcut,97.0,2063,29,32.85
39,BH6125-1-368,Site_Prep,0.0,2064,1,32.85
12,BH6125-1-369,Clearcut,97.0,2037,25,60.22
13,BH6125-1-369,Site_Prep,0.0,2038,1,60.22
28,BH6125-1-369,1st_Thin,43.1,2053,14,60.22
35,BH6125-1-369,2nd_Thin,45.66,2060,21,60.22
43,BH6125-1-369,Clearcut,97.0,2068,29,60.22
44,BH6125-1-369,Site_Prep,0.0,2069,1,60.22
8,BH6125-1-370,Clearcut,97.0,2033,24,19.37
9,BH6125-1-370,Site_Prep,0.0,2034,1,19.37
24,BH6125-1-370,1st_Thin,43.1,2049,14,19.37
31,BH6125-1-370,2nd_Thin,45.66,2056,21,19.37
39,BH6125-1-370,Clearcut,97.0,2064,29,19.37
40,BH6125-1-370,Site_Prep,0.0,2065,1,19.37
8,BH6125-1-371,Clearcut,97.0,2033,24,24.06
9,BH6125-1-371,Site_Prep,0.0,2034,1,24.06
24,BH6125-1-371,1st_Thin,43.1,2049,14,24.06
31,BH6125-1-371,2nd_Thin,45.66,2056,21,24.06
39,BH6125-1-371,Clearcut,97.0,2064,29,24.06
40,BH6125-1-371,Site_Prep,0.0,2065,1,24.06
10,BH6125-1-375,Clearcut,97.0,2035,25,25.56
11,BH6125-1-375,Site_Prep,0.0,2036,1,25.56
26,BH6125-1-375,1st_Thin,43.17,2051,14,25.56
33,BH6125-1-375,2nd_Thin,40.2,2058,21,25.56
41,BH6125-1-375,Clearcut,97.0,2066,29,25.56
42,BH6125-1-375,Site_Prep,0.0,2067,1,25.56
12,BH6125-1-376,Clearcut,97.0,2037,27,61.85
13,BH6125-1-376,Site_Prep,0.0,2038,1,61.85
28,BH6125-1-376,1st_Thin,43.94,2053,14,61.85
35,BH6125-1-376,2nd_Thin,35.06,2060,21,61.85
43,BH6125-1-376,Clearcut,97.0,2068,29,61.85
44,BH6125-1-376,Site_Prep,0.0,2069,1,61.85
13,BH6125-1-386,1st_Thin,51.39,2038,14,109.57
19,BH6125-1-386,2nd_Thin,28.74,2044,20,109.57
24,BH6125-1-386,Clearcut,97.0,2049,25,109.57
25,BH6125-1-386,Site_Prep,0.0,2050,1,109.57
40,BH6125-1-386,1st_Thin,45.22,2065,14,109.57
50,BH6125-1-386,Clearcut,97.0,2075,24,109.57
13,BH6125-1-387,1st_Thin,53.32,2038,14,24.08
23,BH6125-1-387,Clearcut,97.0,2048,24,24.08
24,BH6125-1-387,Site_Prep,0.0,2049,1,24.08
39,BH6125-1-387,1st_Thin,45.22,2064,14,24.08
49,BH6125-1-387,Clearcut,97.0,2074,24,24.08
50,BH6125-1-387,Site_Prep,0.0,2075,1,24.08
1,BH6125-1-394,Site_Prep,0.0,2026,1,23.1
16,BH6125-1-394,1st_Thin,0.0,2041,14,23.1
31,BH6125-1-394,Clearcut,97.0,2056,29,23.1
32,BH6125-1-394,Site_Prep,0.0,2057,1,23.1
47,BH6125-1-394,1st_Thin,34.52,2072,14,23.1
1,BH6125-1-399,Site_Prep,0.0,2026,1,11.9
16,BH6125-1-399,1st_Thin,0.0,2041,14,11.9
31,BH6125-1-399,Clearcut,97.0,2056,29,11.9
32,BH6125-1-399,Site_Prep,0.0,2057,1,11.9
47,BH6125-1-399,1st_Thin,37.62,2072,14,11.9
1,BH6125-1-400,Site_Prep,0.0,2026,1,2.21
16,BH6125-1-400,1st_Thin,0.0,2041,14,2.21
31,BH6125-1-400,Clearcut,97.0,2056,29,2.21
32,BH6125-1-400,Site_Prep,0.0,2057,1,2.21
47,BH6125-1-400,1st_Thin,37.62,2072,14,2.21
11,BH6125-1-402,Clearcut,97.0,2036,29,18.26
12,BH6125-1-402,Site_Prep,0.0,2037,1,18.26
27,BH6125-1-402,1st_Thin,45.22,2052,14,18.26
34,BH6125-1-402,2nd_Thin,28.81,2059,21,18.26
42,BH6125-1-402,Clearcut,97.0,2067,29,18.26
43,BH6125-1-402,Site_Prep,0.0,2068,1,18.26
